id,nom,url_image,geo_lat,geo_long
1000,Havre de paix en forêt,https://images.unsplash.com/photo-1617067400320-af74e398d405?ixlib=rb-4.0.3&ixid=MnwxMjA3fDB8MHxzZWFyY2h8MTJ8fGNoYWxldHxlbnwwfHwwfHw%3D&auto=format&fit=crop&w=500&q=60,50.603786222750934,-78.77203748440475
1001,Le coucher paradisiaque,https://images.unsplash.com/photo-1604601638406-edc29b54dcf7?ixlib=rb-4.0.3&ixid=MnwxMjA3fDB8MHxzZWFyY2h8Mnx8Y2hhbGV0fGVufDB8fDB8fA%3D%3D&auto=format&fit=crop&w=500&q=60,49.915488952913456,-72.47167200048526
1002,La forêt de la sérénité,https://images.unsplash.com/photo-1588880331179-bc9b93a8cb5e?ixlib=rb-4.0.3&ixid=MnwxMjA3fDB8MHxzZWFyY2h8M3x8Y2hhbGV0fGVufDB8fDB8fA%3D%3D&auto=format&fit=crop&w=500&q=60,47.16740217688956,-78.07319065472501
1003,Le mélèze heureux,https://images.unsplash.com/photo-1617067400320-af74e398d405?ixlib=rb-4.0.3&ixid=MnwxMjA3fDB8MHxzZWFyY2h8MTJ8fGNoYWxldHxlbnwwfHwwfHw%3D&auto=format&fit=crop&w=500&q=60,48.32530937288235,-72.24335664224128
1004,La colline chaleureuse,https://images.unsplash.com/photo-1576874748772-584aa2bee2d4?ixlib=rb-4.0.3&ixid=MnwxMjA3fDB8MHxzZWFyY2h8OXx8Y2hhbGV0fGVufDB8fDB8fA%3D%3D&auto=format&fit=crop&w=500&q=60,50.58499942199391,-71.54521631193928
1005,Le paradis du canoë,https://images.unsplash.com/photo-1588880331179-bc9b93a8cb5e?ixlib=rb-4.0.3&ixid=MnwxMjA3fDB8MHxzZWFyY2h8M3x8Y2hhbGV0fGVufDB8fDB8fA%3D%3D&auto=format&fit=crop&w=500&q=60,49.053100069942836,-71.53290014428417
1006,Le gîte du sanglier,https://images.unsplash.com/photo-1576874748772-584aa2bee2d4?ixlib=rb-4.0.3&ixid=MnwxMjA3fDB8MHxzZWFyY2h8OXx8Y2hhbGV0fGVufDB8fDB8fA%3D%3D&auto=format&fit=crop&w=500&q=60,50.717895755610435,-71.18563418665158
1007,Le chant de la rivière,https://images.unsplash.com/photo-1570127828934-c60aa3e1e5af?ixlib=rb-4.0.3&ixid=MnwxMjA3fDB8MHxzZWFyY2h8MTR8fGNoYWxldHxlbnwwfHwwfHw%3D&auto=format&fit=crop&w=500&q=60,49.357973651904025,-76.80727683652891
1008,Les randonnées joyeuses,https://images.unsplash.com/photo-1573652102907-b75d25910c11?ixlib=rb-4.0.3&ixid=MnwxMjA3fDB8MHxzZWFyY2h8MTF8fGNoYWxldHxlbnwwfHwwfHw%3D&auto=format&fit=crop&w=500&q=60,49.13040094042407,-71.65025536583754
1009,Le paradis du pêcheur,https://images.unsplash.com/photo-1570127828934-c60aa3e1e5af?ixlib=rb-4.0.3&ixid=MnwxMjA3fDB8MHxzZWFyY2h8MTR8fGNoYWxldHxlbnwwfHwwfHw%3D&auto=format&fit=crop&w=500&q=60,50.87613074382818,-78.6275085787943
1010,Les yeux de l’ours,https://images.unsplash.com/photo-1588880331179-bc9b93a8cb5e?ixlib=rb-4.0.3&ixid=MnwxMjA3fDB8MHxzZWFyY2h8M3x8Y2hhbGV0fGVufDB8fDB8fA%3D%3D&auto=format&fit=crop&w=500&q=60,49.926364228314185,-74.97307080410314
1011,Changement d’altitude,https://images.unsplash.com/photo-1617067400320-af74e398d405?ixlib=rb-4.0.3&ixid=MnwxMjA3fDB8MHxzZWFyY2h8MTJ8fGNoYWxldHxlbnwwfHwwfHw%3D&auto=format&fit=crop&w=500&q=60,47.61402445283091,-77.78178277155492
1012,La brume joyeuse,https://images.unsplash.com/photo-1588880331179-bc9b93a8cb5e?ixlib=rb-4.0.3&ixid=MnwxMjA3fDB8MHxzZWFyY2h8M3x8Y2hhbGV0fGVufDB8fDB8fA%3D%3D&auto=format&fit=crop&w=500&q=60,47.788858530006856,-73.96608246008871
1013,Le calme des sommets,https://images.unsplash.com/photo-1617067400320-af74e398d405?ixlib=rb-4.0.3&ixid=MnwxMjA3fDB8MHxzZWFyY2h8MTJ8fGNoYWxldHxlbnwwfHwwfHw%3D&auto=format&fit=crop&w=500&q=60,47.5170794076708,-78.34565364882545
1014,La Montagne Majestueuse,https://images.unsplash.com/photo-1573652102907-b75d25910c11?ixlib=rb-4.0.3&ixid=MnwxMjA3fDB8MHxzZWFyY2h8MTF8fGNoYWxldHxlbnwwfHwwfHw%3D&auto=format&fit=crop&w=500&q=60,49.14088427194012,-71.11427925748214
1015,Le baiser du soleil,https://images.unsplash.com/photo-1588880331179-bc9b93a8cb5e?ixlib=rb-4.0.3&ixid=MnwxMjA3fDB8MHxzZWFyY2h8M3x8Y2hhbGV0fGVufDB8fDB8fA%3D%3D&auto=format&fit=crop&w=500&q=60,50.85918746375998,-77.47125067063588
1016,Un été sans fin,https://images.unsplash.com/photo-1576874748772-584aa2bee2d4?ixlib=rb-4.0.3&ixid=MnwxMjA3fDB8MHxzZWFyY2h8OXx8Y2hhbGV0fGVufDB8fDB8fA%3D%3D&auto=format&fit=crop&w=500&q=60,49.46796574527268,-78.29436416986523
1017,Le bungalow des mirages,https://images.unsplash.com/photo-1617067400320-af74e398d405?ixlib=rb-4.0.3&ixid=MnwxMjA3fDB8MHxzZWFyY2h8MTJ8fGNoYWxldHxlbnwwfHwwfHw%3D&auto=format&fit=crop&w=500&q=60,48.135640370631634,-77.67945979683842
1018,La charmante provençale,https://images.unsplash.com/photo-1576874748772-584aa2bee2d4?ixlib=rb-4.0.3&ixid=MnwxMjA3fDB8MHxzZWFyY2h8OXx8Y2hhbGV0fGVufDB8fDB8fA%3D%3D&auto=format&fit=crop&w=500&q=60,50.505796531677746,-78.49573951036652
1019,La perle marine,https://images.unsplash.com/photo-1588880331179-bc9b93a8cb5e?ixlib=rb-4.0.3&ixid=MnwxMjA3fDB8MHxzZWFyY2h8M3x8Y2hhbGV0fGVufDB8fDB8fA%3D%3D&auto=format&fit=crop&w=500&q=60,50.871745834423976,-72.09856186097761
1020,Attrapez la brise,https://images.unsplash.com/photo-1573652102907-b75d25910c11?ixlib=rb-4.0.3&ixid=MnwxMjA3fDB8MHxzZWFyY2h8MTF8fGNoYWxldHxlbnwwfHwwfHw%3D&auto=format&fit=crop&w=500&q=60,49.13675085171299,-78.08145929558378
1021,Le lac tranquille,https://images.unsplash.com/photo-1588880331179-bc9b93a8cb5e?ixlib=rb-4.0.3&ixid=MnwxMjA3fDB8MHxzZWFyY2h8M3x8Y2hhbGV0fGVufDB8fDB8fA%3D%3D&auto=format&fit=crop&w=500&q=60,48.5832147578187,-72.98181118081371
1022,Escapade lacustre,https://images.unsplash.com/photo-1588880331179-bc9b93a8cb5e?ixlib=rb-4.0.3&ixid=MnwxMjA3fDB8MHxzZWFyY2h8M3x8Y2hhbGV0fGVufDB8fDB8fA%3D%3D&auto=format&fit=crop&w=500&q=60,50.387126337609004,-73.37278633865354
1023,Le roi des pêcheurs,https://images.unsplash.com/photo-1588880331179-bc9b93a8cb5e?ixlib=rb-4.0.3&ixid=MnwxMjA3fDB8MHxzZWFyY2h8M3x8Y2hhbGV0fGVufDB8fDB8fA%3D%3D&auto=format&fit=crop&w=500&q=60,48.835354749413675,-75.74779595687662
1024,Sur les rochers du lac,https://images.unsplash.com/photo-1576874748772-584aa2bee2d4?ixlib=rb-4.0.3&ixid=MnwxMjA3fDB8MHxzZWFyY2h8OXx8Y2hhbGV0fGVufDB8fDB8fA%3D%3D&auto=format&fit=crop&w=500&q=60,47.4119457340947,-78.6432556119824
1025,Les pins qui chuchotent,https://images.unsplash.com/photo-1588880331179-bc9b93a8cb5e?ixlib=rb-4.0.3&ixid=MnwxMjA3fDB8MHxzZWFyY2h8M3x8Y2hhbGV0fGVufDB8fDB8fA%3D%3D&auto=format&fit=crop&w=500&q=60,50.64313760693067,-71.6891580973078
1026,La rivière chantante,https://images.unsplash.com/photo-1617067400320-af74e398d405?ixlib=rb-4.0.3&ixid=MnwxMjA3fDB8MHxzZWFyY2h8MTJ8fGNoYWxldHxlbnwwfHwwfHw%3D&auto=format&fit=crop&w=500&q=60,48.4014163392011,-75.92413037989871
1027,Le loup bâtisseur,https://images.unsplash.com/photo-1588880331179-bc9b93a8cb5e?ixlib=rb-4.0.3&ixid=MnwxMjA3fDB8MHxzZWFyY2h8M3x8Y2hhbGV0fGVufDB8fDB8fA%3D%3D&auto=format&fit=crop&w=500&q=60,49.734270996656164,-74.98966046159428
1028,Le repaire forestier,https://images.unsplash.com/photo-1573652102907-b75d25910c11?ixlib=rb-4.0.3&ixid=MnwxMjA3fDB8MHxzZWFyY2h8MTF8fGNoYWxldHxlbnwwfHwwfHw%3D&auto=format&fit=crop&w=500&q=60,49.22870352135107,-78.18200940500526
1029,La grotte de l’ours,https://images.unsplash.com/photo-1588880331179-bc9b93a8cb5e?ixlib=rb-4.0.3&ixid=MnwxMjA3fDB8MHxzZWFyY2h8M3x8Y2hhbGV0fGVufDB8fDB8fA%3D%3D&auto=format&fit=crop&w=500&q=60,48.75132882626146,-73.57181466699289
1030,Le chant des lucioles,https://images.unsplash.com/photo-1570127828934-c60aa3e1e5af?ixlib=rb-4.0.3&ixid=MnwxMjA3fDB8MHxzZWFyY2h8MTR8fGNoYWxldHxlbnwwfHwwfHw%3D&auto=format&fit=crop&w=500&q=60,50.723293033050794,-77.07633375915427
1031,Les vacances verdoyantes,https://images.unsplash.com/photo-1573652102907-b75d25910c11?ixlib=rb-4.0.3&ixid=MnwxMjA3fDB8MHxzZWFyY2h8MTF8fGNoYWxldHxlbnwwfHwwfHw%3D&auto=format&fit=crop&w=500&q=60,50.080403881550076,-74.98385297457558
1032,L’échappée Belle,https://images.unsplash.com/photo-1617067400320-af74e398d405?ixlib=rb-4.0.3&ixid=MnwxMjA3fDB8MHxzZWFyY2h8MTJ8fGNoYWxldHxlbnwwfHwwfHw%3D&auto=format&fit=crop&w=500&q=60,50.672412241220485,-72.63847956070025
1033,Le Bonheur dans le Pré,https://images.unsplash.com/photo-1604601638406-edc29b54dcf7?ixlib=rb-4.0.3&ixid=MnwxMjA3fDB8MHxzZWFyY2h8Mnx8Y2hhbGV0fGVufDB8fDB8fA%3D%3D&auto=format&fit=crop&w=500&q=60,50.87732695657714,-74.29137876530872
1034,Hauts les Coeurs,https://images.unsplash.com/photo-1617067400320-af74e398d405?ixlib=rb-4.0.3&ixid=MnwxMjA3fDB8MHxzZWFyY2h8MTJ8fGNoYWxldHxlbnwwfHwwfHw%3D&auto=format&fit=crop&w=500&q=60,47.932545497846846,-73.04882640700714
1035,La Colline aux Coquelicots,https://images.unsplash.com/photo-1604601638406-edc29b54dcf7?ixlib=rb-4.0.3&ixid=MnwxMjA3fDB8MHxzZWFyY2h8Mnx8Y2hhbGV0fGVufDB8fDB8fA%3D%3D&auto=format&fit=crop&w=500&q=60,48.018871203012466,-73.42181580071635
1036,Les temps heureux,https://images.unsplash.com/photo-1588880331179-bc9b93a8cb5e?ixlib=rb-4.0.3&ixid=MnwxMjA3fDB8MHxzZWFyY2h8M3x8Y2hhbGV0fGVufDB8fDB8fA%3D%3D&auto=format&fit=crop&w=500&q=60,48.66123701451509,-74.81801755216443
1037,Un doux refuge,https://images.unsplash.com/photo-1588880331179-bc9b93a8cb5e?ixlib=rb-4.0.3&ixid=MnwxMjA3fDB8MHxzZWFyY2h8M3x8Y2hhbGV0fGVufDB8fDB8fA%3D%3D&auto=format&fit=crop&w=500&q=60,50.82521586856054,-74.7885151196932
1038,Mon nid d’Amour,https://images.unsplash.com/photo-1604601638406-edc29b54dcf7?ixlib=rb-4.0.3&ixid=MnwxMjA3fDB8MHxzZWFyY2h8Mnx8Y2hhbGV0fGVufDB8fDB8fA%3D%3D&auto=format&fit=crop&w=500&q=60,47.72900862936655,-78.50742839104366
1039,Les souvenirs intemporels,https://images.unsplash.com/photo-1570127828934-c60aa3e1e5af?ixlib=rb-4.0.3&ixid=MnwxMjA3fDB8MHxzZWFyY2h8MTR8fGNoYWxldHxlbnwwfHwwfHw%3D&auto=format&fit=crop&w=500&q=60,48.33648992642657,-74.84946022881572
1040,Le Terroir Gourmand,https://images.unsplash.com/photo-1604601638406-edc29b54dcf7?ixlib=rb-4.0.3&ixid=MnwxMjA3fDB8MHxzZWFyY2h8Mnx8Y2hhbGV0fGVufDB8fDB8fA%3D%3D&auto=format&fit=crop&w=500&q=60,50.20765995028488,-73.60443248092686
1041,Voyage vers le Nord,https://images.unsplash.com/photo-1617067400320-af74e398d405?ixlib=rb-4.0.3&ixid=MnwxMjA3fDB8MHxzZWFyY2h8MTJ8fGNoYWxldHxlbnwwfHwwfHw%3D&auto=format&fit=crop&w=500&q=60,49.93962737189352,-76.82861551937285
1042,Retraite au coin du feu,https://images.unsplash.com/photo-1570127828934-c60aa3e1e5af?ixlib=rb-4.0.3&ixid=MnwxMjA3fDB8MHxzZWFyY2h8MTR8fGNoYWxldHxlbnwwfHwwfHw%3D&auto=format&fit=crop&w=500&q=60,48.08939908129571,-76.46525002436667
1043,Reflets de Montagnes,https://images.unsplash.com/photo-1576874748772-584aa2bee2d4?ixlib=rb-4.0.3&ixid=MnwxMjA3fDB8MHxzZWFyY2h8OXx8Y2hhbGV0fGVufDB8fDB8fA%3D%3D&auto=format&fit=crop&w=500&q=60,49.02109036492487,-74.44781615888479
1044,Le Requin Skieur,https://images.unsplash.com/photo-1576874748772-584aa2bee2d4?ixlib=rb-4.0.3&ixid=MnwxMjA3fDB8MHxzZWFyY2h8OXx8Y2hhbGV0fGVufDB8fDB8fA%3D%3D&auto=format&fit=crop&w=500&q=60,50.3182301393617,-77.25486489386809
1045,Ivresse des sommets,https://images.unsplash.com/photo-1588880331179-bc9b93a8cb5e?ixlib=rb-4.0.3&ixid=MnwxMjA3fDB8MHxzZWFyY2h8M3x8Y2hhbGV0fGVufDB8fDB8fA%3D%3D&auto=format&fit=crop&w=500&q=60,49.41214046750741,-74.87398890068043
1046,Perché dans les nuages,https://images.unsplash.com/photo-1588880331179-bc9b93a8cb5e?ixlib=rb-4.0.3&ixid=MnwxMjA3fDB8MHxzZWFyY2h8M3x8Y2hhbGV0fGVufDB8fDB8fA%3D%3D&auto=format&fit=crop&w=500&q=60,48.67174391816903,-72.5292116766137
1047,La Villa Bella Vista,https://images.unsplash.com/photo-1570127828934-c60aa3e1e5af?ixlib=rb-4.0.3&ixid=MnwxMjA3fDB8MHxzZWFyY2h8MTR8fGNoYWxldHxlbnwwfHwwfHw%3D&auto=format&fit=crop&w=500&q=60,47.79638162469539,-75.34978322707853
1048,La Villa du Nid d’Amour,https://images.unsplash.com/photo-1604601638406-edc29b54dcf7?ixlib=rb-4.0.3&ixid=MnwxMjA3fDB8MHxzZWFyY2h8Mnx8Y2hhbGV0fGVufDB8fDB8fA%3D%3D&auto=format&fit=crop&w=500&q=60,50.64966566423454,-73.1832895729637
1049,La Villa des Souvenirs intemporels,https://images.unsplash.com/photo-1617067400320-af74e398d405?ixlib=rb-4.0.3&ixid=MnwxMjA3fDB8MHxzZWFyY2h8MTJ8fGNoYWxldHxlbnwwfHwwfHw%3D&auto=format&fit=crop&w=500&q=60,50.003128959360204,-72.1411026012328
1050,La Villa Dolce Vita,https://images.unsplash.com/photo-1576874748772-584aa2bee2d4?ixlib=rb-4.0.3&ixid=MnwxMjA3fDB8MHxzZWFyY2h8OXx8Y2hhbGV0fGVufDB8fDB8fA%3D%3D&auto=format&fit=crop&w=500&q=60,48.726452949615556,-76.87472375507579
1051,La Villa de la Charmante Provençale,https://images.unsplash.com/photo-1588880331179-bc9b93a8cb5e?ixlib=rb-4.0.3&ixid=MnwxMjA3fDB8MHxzZWFyY2h8M3x8Y2hhbGV0fGVufDB8fDB8fA%3D%3D&auto=format&fit=crop&w=500&q=60,49.697223762015824,-78.00504859703557
