email,mdp,nom,prenom,type,adresse_no,adresse_rue,adresse_ville,adresse_prov,adresse_pays,adresse_cp
poor7@tp2.com,dtrhoPmx,Dagenais,Amira,client,77,Madel,Coaticook,QC,CA,J8H 4Q4
party306@tp2.com,72d0oFrW,Marleau,Gisele,client,944,Archambault,Bonaventure,QC,CA,U7N 9L7
as392@tp2.com,xDCRZPVE,Boilard,Novak,client,607,Bullion,Baie-Saint-Paul,QC,CA,V8H 3X4
single926@tp2.com,ORUzt7Tw,Mainville,Daven,client,365,Pluviers,Amos,QC,CA,H4R 6P1
financial889@tp2.com,kL9KYuJg,Dubreuil,Samuel,client,486,Joliette,Forestville,QC,CA,T3J 7P2
minute382@tp2.com,6r7wzW8j,Biron,Matteo,client,750,Davion,Scotstown,QC,CA,V2B 5P1
must426@tp2.com,ID03JVyk,Lacombe,Lenox,client,994,Coprins,Métabetchouan–Lac-à-la-Croix,QC,CA,F0Q 0L4
something183@tp2.com,XUprVeTA,Mark,Milo,client,1009,Springfield,La Pocatière,QC,CA,S8M 2B4
rock512@tp2.com,aQiRbebe,Audy,Lenny,client,378,Noyan,Pont-Rouge,QC,CA,A8U 9V9
contain647@tp2.com,jrIym6te,Ringuette,Tommy,client,969,Bariteau,Dunham,QC,CA,P7P 2E6
explain871@tp2.com,0xRU8766,Savage,Lenny,client,889,Falardeau,Val-d'Or,QC,CA,Q4P 9I2
blood417@tp2.com,KfWnDu5L,Le,Eliot,client,776,Jean-Bruchési,L'Épiphanie,QC,CA,A8O 4S1
treatment266@tp2.com,6cuLdriz,Savoie,Yassine,client,1001,Cavalieri,Cap-Santé,QC,CA,P5Y 7Y2
often812@tp2.com,nWhWqn8h,Guérard,Micah,client,713,Garneau,Saint-Eustache,QC,CA,M9O 9Z4
step890@tp2.com,legQuIim,Lécuyer,Salma,client,611,Monseigneur-Charbonneau,Duparquet,QC,CA,S2B 6M2
compare854@tp2.com,Sxn0GERJ,Brouillard,Marguerite,client,122,Languedoc,Rosemère,QC,CA,J3R 0F1
Republican956@tp2.com,4cZA4BJh,Binette,Karim,admin,147,Crocus,Longueuil,QC,CA,T5R 0G2
against695@tp2.com,potaPzlX,Martineau,Mackenzie,client,343,Migneault,Causapscal,QC,CA,F2O 1P1
me70@tp2.com,KfHSzmpL,Bussières,Leonie,client,724,Tourigny,Lorraine,QC,CA,G1H 2W4
miss152@tp2.com,7WZpj8Il,Gratton,Viviane,client,641,Lemire,Grande-Rivière,QC,CA,M4E 0K4
wonder590@tp2.com,o9Ppm1Kd,Champagne,Christopher,admin,875,Malo,Beaconsfield,QC,CA,M1C 6I9
site753@tp2.com,CU2Bdz2N,Boutet,Lukas,client,293,Landes,Nicolet,QC,CA,Z4O 5C5
call866@tp2.com,5IZia7c2,Nolet,Elyana,client,151,Raymar,Rouyn-Noranda,QC,CA,G6C 0B5
building811@tp2.com,UlRXooit,Adams,Aurora,client,777,Archambault,Notre-Dame-de-l'Île-Perrot,QC,CA,F4G 7F3
morning420@tp2.com,Ld6RSZDf,Quirion,Lohan,client,584,Feings,Rigaud,QC,CA,L0F 3E2
read532@tp2.com,4y5pMiwi,Barrette,Adelie,client,388,Vosges,Saint-Marc-des-Carrières,QC,CA,U4Z 8U6
clearly885@tp2.com,wQRhIEdA,Soucy,Pierre,client,734,Gamache,Lac-Sergent,QC,CA,K3R 7Z0
pick801@tp2.com,JwBaAcZj,Rochette,Faigy,client,751,Hocquart,Saint-Georges,QC,CA,B7M 3J5
policy128@tp2.com,DMdZn5v8,Ducharme,Eliane,client,958,Arromanches,Saint-Constant,QC,CA,Q6F 4S5
throw830@tp2.com,P5nmJoUy,Chaput,Jasmin,client,907,Yvonne-Duckett,Saint-Pascal,QC,CA,T1M 7B1
occur337@tp2.com,EUkonZuG,Larrivée,Leandro,client,674,Henri-Massé,Magog,QC,CA,M3Q 6X3
leader403@tp2.com,Ee9HrEI1,Lacelle,Esteban,admin,445,Devey,Trois-Rivières,QC,CA,G6O 9M0
run37@tp2.com,3NrQlFFl,Nguyen,Rosaly,client,672,Vianney,Victoriaville,QC,CA,X7Y 0T7
need834@tp2.com,muwtUBES,Lecompte,Elyane,client,406,Sabrevois,Saint-Rémi,QC,CA,I8F 1E4
begin215@tp2.com,6vS8UHSB,Provost,Elianna,client,426,Saint-Édouard,Plessisville,QC,CA,V5D 6L0
eat709@tp2.com,p7kpZbko,Descôteaux,Angela,client,882,Desmarchais,Saint-Ours,QC,CA,N4N 0V5
government42@tp2.com,Ol1hUTEl,Baribeau,Kilian,client,869,Kensington,Sainte-Catherine,QC,CA,X6T 6N7
child610@tp2.com,utOQNjxK,Meilleur,Mathis,client,346,Vimy,Montréal,QC,CA,V7L 7K9
economic39@tp2.com,K17cNAbm,Larose,Bella,client,613,Claude,Lac-Brome,QC,CA,K4T 1Z7
we60@tp2.com,EEmtE1vB,Anderson,Laurence,client,234,Vendôme,Malartic,QC,CA,V8S 9Q7
along197@tp2.com,SSaGxwJE,Thibodeau,Eden,client,642,Nadeau,Hampstead,QC,CA,G7J 0A0
eye336@tp2.com,gLU8y52K,Bouthillier,Etienne,client,648,Colombine,Barkmere,QC,CA,V4M 2K0
them386@tp2.com,zt8V7KVo,St-Laurent,Amari,client,943,Henri-De Tonti,Témiscouata-sur-le-Lac,QC,CA,S3N 9T3
find290@tp2.com,okJqCY3M,Tousignant,Madyson,client,676,Pierre-Dupuy,Sainte-Anne-de-Beaupré,QC,CA,F8S 0J6
body740@tp2.com,SF2AMFJr,Vachon,Thiago,client,468,Domville,Danville,QC,CA,Y7G 3X2
marriage690@tp2.com,6r7wzW8j,Cartier,Cassandra,client,72,Montarville,Valcourt,QC,CA,V4E 2V5
explain404@tp2.com,nRFE3t47,Cadorette,Camelia,client,641,Louis-Jobin,Louiseville,QC,CA,R1R 9V6
shot786@tp2.com,KRkczwkw,Brière,Zak,client,405,Dupernay,Rosemère,QC,CA,U7D 0O3
government838@tp2.com,0aHBUQUY,Pomerleau,Luka,client,621,Donat,Saint-Pie,QC,CA,F2U 9L2
tend156@tp2.com,CJhfeRoj,McDuff,Francis,client,56,Frémont,Macamic,QC,CA,R3M 2L6
simply652@tp2.com,2vciHGVm,McDuff,Lilou,client,816,Louis-Blériot,La Malbaie,QC,CA,Y0S 1S6
country652@tp2.com,EEmtE1vB,Chalifoux,Bernard,client,73,Soucy,Saint-Pie,QC,CA,Q9W 4S1
account669@tp2.com,2gLR0EyT,Garceau,Loan,client,55,Cardinal,L'Épiphanie,QC,CA,M7Y 6Y4
draw869@tp2.com,VJi2Xr4A,Cabana,Ely-rose,client,676,Brassard,Sainte-Marie,QC,CA,A2G 1C1
six994@tp2.com,GDTCt02h,Desgagné,Damon,client,148,Prevost,Saint-Jérôme,QC,CA,D7L 6L8
country652@tp2.com,8EomNQA4,Parent,Alexandre,client,523,De Magellan,Sainte-Thérèse,QC,CA,P4W 4N3
trial128@tp2.com,dOEKV9ez,Lépine,Imrane,client,605,Jean-Béliveau,Danville,QC,CA,K0X 3E8
election400@tp2.com,NHuqbT5N,Bourdages,Micah,client,15,Paul-Provost,Granby,QC,CA,L4D 7A9
pick801@tp2.com,wQRhIEdA,Audy,Sadie,client,3,Imelda-Millette,Mirabel,QC,CA,B0P 2S8
service157@tp2.com,RJK9Nk8L,Robitaille,Vincent,client,916,Saint-Alexandre,Baie-Comeau,QC,CA,K8X 0V3
buy878@tp2.com,XuIkiQ91,Lecompte,Leopold,client,94,Gauthier,Gracefield,QC,CA,J3U 5D0
age519@tp2.com,67Kge3Hp,Beaudin,Anya,client,33,Nehru,Cap-Chat,QC,CA,H6F 2V2
reach586@tp2.com,KIrXGZZt,Joncas,Leonie,client,143,Rubis,Sherbrooke,QC,CA,S8Q 4R1
other984@tp2.com,SngNjGZG,Letendre,Noah,client,431,Hillside,Sainte-Marie,QC,CA,T7I 2B4
information683@tp2.com,MNFdFEtN,Truchon,Eleanor,client,249,Froment,Beauceville,QC,CA,X3A 3L8
relationship551@tp2.com,1SrjsgkT,Hurtubise,William,client,295,Bourget,Fossambault-sur-le-Lac,QC,CA,L6Y 6B1
we60@tp2.com,OvFkcSXO,Charles,Hayden,client,299,Verchères,Coteau-du-Lac,QC,CA,J5P 7C7
major645@tp2.com,ZsJTV0qk,Laporte,Valentina,client,655,Briggs,Sainte-Adèle,QC,CA,Q8P 0U7
tonight362@tp2.com,9Y12cx1c,Champoux,Esme,admin,340,Semis,Warwick,QC,CA,T4F 5O3
government120@tp2.com,qNT2tnp5,Fraser,Riyad,client,450,R-100,Bedford,QC,CA,B4H 0O7
chance555@tp2.com,MNFdFEtN,Fradette,Alison,client,18,Bisaillon,Carignan,QC,CA,U6K 3O7
resource731@tp2.com,Ld6RSZDf,Gravel,Lexie,client,39,Verdure,Coaticook,QC,CA,J2S 1V7
daughter984@tp2.com,Sx19748u,Messier,Youcef,client,658,Sarcelles,Chandler,QC,CA,V2L 7V5
citizen268@tp2.com,dKAJajgy,Pichette,Aimee,client,354,Briand,Sainte-Anne-des-Plaines,QC,CA,P0D 0R5
design175@tp2.com,cfqFn0X0,Hurtubise,Adam,client,866,Massicotte,La Malbaie,QC,CA,V0Y 3C8
stuff375@tp2.com,eD4VT9E9,Desfossés,Brianna,client,80,Marcille,Cap-Santé,QC,CA,B1T 7I4
death866@tp2.com,fBoDNKPS,Courtemanche,Nelia,client,785,Bériot,L'Île-Perrot,QC,CA,Q7X 3F8
someone696@tp2.com,6Jfp9hGQ,Galipeau,Timothee,client,126,Bellerose,Berthierville,QC,CA,F5O 2P7
admit511@tp2.com,5Gh2aPf2,Lizotte,Penelope,client,297,Lisieux,Baie-Saint-Paul,QC,CA,A9L 4L4
explain871@tp2.com,YHROICLW,Boileau,Novak,client,427,Catherine-Forestier,Pohénégamook,QC,CA,T5Z 5U1
marriage677@tp2.com,zaymiy3F,Verville,Felix-antoine,client,308,Docteur-Chevrier,Richmond,QC,CA,P3E 5V4
firm677@tp2.com,RGE1tdFc,Taillefer,Myriam,client,56,Petit-Bois,Sainte-Julie,QC,CA,S7E 7X1
like686@tp2.com,bIBRyaNf,Campeau,Malyk,client,747,Boyd,Pohénégamook,QC,CA,C3I 4H3
protect106@tp2.com,kdAB7Ew2,Delâge,Kayden,client,869,Bouchard,Sainte-Anne-des-Plaines,QC,CA,V4A 1Z3
quickly136@tp2.com,8R6iS7kv,Major,Naomie,client,53,Saint-Paul,Dollard-Des Ormeaux,QC,CA,J8Y 5M2
room240@tp2.com,BEj7rBnc,Rocheleau,Ally,client,271,Duquesne,Salaberry-de-Valleyfield,QC,CA,M6E 0S3
imagine839@tp2.com,GhvSrKIc,Roussel,Magalie,client,425,Lalande,Stanstead,QC,CA,F6M 9A2
goal858@tp2.com,yQgsqJOz,Lam,Emiliano,client,347,Bériot,L'Assomption,QC,CA,N3P 0X0
build680@tp2.com,vzRRLFJz,Constantineau,Francis,client,595,Soligny,Pincourt,QC,CA,Q8W 4X9
trial128@tp2.com,uIUzeFDh,Laframboise,Jana,client,104,Isabelle,Châteauguay,QC,CA,L1K 9H2
current760@tp2.com,YHROICLW,Huard,Charles-edouard,client,932,Margaret,Mont-Royal,QC,CA,T3H 5Z5
evidence300@tp2.com,eRNETV8a,Archambault,Emilio,client,822,Saint-Laurent,Mont-Royal,QC,CA,V5A 4K8
out671@tp2.com,3JGxoNBV,Rhéaume,Yahya,client,756,Jeanne-Crevier,Lebel-sur-Quévillon,QC,CA,V4Q 2S8
me912@tp2.com,Yts9AV39,Gaudet,Billy,client,279,Bourgogne,Sainte-Brigitte-de-Laval,QC,CA,K6D 9X2
maybe829@tp2.com,4Fzrs4lC,Lambert,Souleymane,client,897,Canon,Léry,QC,CA,C3W 5B4
expert722@tp2.com,kXWabcaX,Soucy,Charles-olivier,client,860,Gregory,Pointe-Claire,QC,CA,B4F 9D2
success309@tp2.com,TCSga4E9,St-Cyr,Emmy,client,792,Doyon,Gatineau,QC,CA,Z3V 8V1
brother217@tp2.com,rDV9RRau,Roch,Alan,client,611,Marlequin,Saint-Basile,QC,CA,T0P 2L1
return295@tp2.com,X4jfliT0,Routhier,Finn,client,223,Félix-Leclerc,Acton Vale,QC,CA,H2B 0W4
fine271@tp2.com,wBaIgnNe,Morel,Agathe,client,74,Riopelle,Gaspé,QC,CA,R8X 2U8
understand399@tp2.com,QM2Vq7Cg,Pruneau,Mathieu,client,728,Murray,Sainte-Anne-de-Beaupré,QC,CA,R0Z 8L8
seek344@tp2.com,bI39QSTw,Huynh,Noralie,client,754,Cyr,Laval,QC,CA,P5W 4D1
yeah823@tp2.com,pBkRE8wj,Bessette,Ely,client,618,Hélène-Boullé,Salaberry-de-Valleyfield,QC,CA,F8E 4R4
project24@tp2.com,MQKKaHGI,Lévy,Malik,client,597,Louis-Hébert,Waterville,QC,CA,I8A 9O5
shot786@tp2.com,EyMwozBu,Lewis,Stella,client,45,École,Montmagny,QC,CA,B8M 1G2
total720@tp2.com,gSa9nptj,Savoie,Elyam,client,72,Pluviers,Drummondville,QC,CA,C9B 4Z9
herself530@tp2.com,sKBHhWH0,Girouard,Evaly,client,226,Mont-Saint-Michel,Candiac,QC,CA,L4S 4T9
them386@tp2.com,m4GzVBae,Forest,Ismael,client,581,Maple,Roberval,QC,CA,P4N 0P3
probably810@tp2.com,NpRqQZV8,Levasseur,Mael,client,474,Luton,Bedford,QC,CA,I2G 0Y8
maybe608@tp2.com,XLS84Ed2,Juteau,Rosemarie,client,83,Benjamin,Disraeli,QC,CA,Q4Y 8P8
late329@tp2.com,XLS84Ed2,Bougie,Christian,client,36,Ludger-Marchand,Blainville,QC,CA,I5J 2L1
call821@tp2.com,PdLUECub,Bernatchez,Amalia,client,337,Talbot,Carleton-sur-Mer,QC,CA,I8U 6Q2
car313@tp2.com,8AXYL6O5,Jourdain,Jad,client,946,Sauge,Shannon,QC,CA,K4B 1R8
perhaps503@tp2.com,tRbK44ii,Boulianne,Aliya,admin,328,Thérèse-Casgrain,Richmond,QC,CA,Q2W 3J9
need464@tp2.com,Iehb87Ui,Malo,Alycia,client,994,Colbert,Saint-Augustin-de-Desmaures,QC,CA,J8Y 1H7
world583@tp2.com,vhCnMxbt,Labrecque,Florent,client,3,Mère-D'Youville,Malartic,QC,CA,N7Y 1C6
month403@tp2.com,rNlsmcoJ,David,Grayson,client,390,Colisée,Belœil,QC,CA,M3H 6W0
every63@tp2.com,uYr1DaU4,Cameron,Jeremiah,client,573,Tilleuls,Joliette,QC,CA,Y1P 8M0
shoot583@tp2.com,vzRRLFJz,Breton,Rebecca,client,40,Georges-Dor,Métabetchouan–Lac-à-la-Croix,QC,CA,K5U 1K4
brother217@tp2.com,EXILGXb7,Giroux,Ahmed,client,727,Milice,Témiscouata-sur-le-Lac,QC,CA,X6N 3O8
sell509@tp2.com,4WTEOIFO,Durand,Aimee,client,879,Varennes,Bécancour,QC,CA,T9L 8K7
read532@tp2.com,6xICd1oK,Ruel,Amalia,client,217,Parc-Industriel,Lac-Brome,QC,CA,J1B 8V4
patient210@tp2.com,O57peHcF,Hébert,Mavrik,client,37,Église,Belleterre,QC,CA,G7D 2N0
outside334@tp2.com,entuLKiP,Gingras,Anna,client,744,De Magellan,Saint-Joseph-de-Beauce,QC,CA,M9V 3W1
although543@tp2.com,8YDjbuiA,Valcourt,Damon,client,790,Bossé,Acton Vale,QC,CA,Z0X 8K3
car313@tp2.com,ZbJhYBji,Millette,Liv,client,975,Pellerin,Témiscouata-sur-le-Lac,QC,CA,X4Y 7L2
however68@tp2.com,CJhfeRoj,Lafontaine,Emmett,client,591,Sabrevois,Coteau-du-Lac,QC,CA,T2E 2V6
member650@tp2.com,QJoI72Vt,Morissette,Amir,client,735,Beethoven,Sainte-Anne-des-Plaines,QC,CA,D7T 8H0
goal858@tp2.com,xSzQVzrd,Lecours,Marius,client,227,Lancaster,Berthierville,QC,CA,P4P 9H0
college701@tp2.com,ozCRHzKx,Latulippe,Mathys,client,213,Merisiers,Saint-Félicien,QC,CA,Y2G 4T8
need834@tp2.com,dMKgevis,Olivier,Mason,client,573,Saint-Antoine,Scotstown,QC,CA,B9E 5Y1
effort803@tp2.com,RkbapqZP,Lauzier,Matheo,client,869,Buies,Léry,QC,CA,I0G 8Z0
goal858@tp2.com,IbGENX6B,Sauriol,Beatrice,client,690,Salaberry,Longueuil,QC,CA,Y8J 2R4
high270@tp2.com,d9YVAbhM,Théberge,Jordane,client,851,Imelda-Millette,Bécancour,QC,CA,V2X 9Y9
something263@tp2.com,ZQOIiGPe,Thiffault,Mylo,client,502,Alfred,Magog,QC,CA,U4R 7X6
his542@tp2.com,t5NYHXym,Barrette,Emeric,client,229,Bertin,L'Île-Cadieux,QC,CA,F1G 3M8
say541@tp2.com,tJjjLWM4,Boulet,Oliver,client,769,Spirées,Brossard,QC,CA,Y3Y 3G2
yeah823@tp2.com,2PRQC3rF,Johnson,Charli,client,750,De La Richardière,Saint-Lin–Laurentides,QC,CA,Q6A 3I4
stand97@tp2.com,nWhWqn8h,Cloutier,Miriam,client,589,Muscadiers,Saint-Antonin,QC,CA,R3O 9I9
ground885@tp2.com,hFchLH6u,Ly,Melina,client,30,Major,Marieville,QC,CA,Y3Z 9B6
young585@tp2.com,V0Do9l9i,Courchesne,Myles,client,941,Tilleuls,Varennes,QC,CA,W8L 3R7
rest882@tp2.com,k8wtKfPV,Sergerie,Koralie,client,749,Merles,Gatineau,QC,CA,Y9D 9I8
century856@tp2.com,XNx5QBQy,Duguay,Sophia,client,290,Watson,Belœil,QC,CA,S7T 3T9
fill971@tp2.com,82FcGpfR,Fradette,Romane,client,41,Ottawa,Macamic,QC,CA,F2D 9P0
rest390@tp2.com,aqCdAxGB,Dunn,Hector,client,69,Proulx,Desbiens,QC,CA,V9S 1W5
reduce643@tp2.com,xzFRlG7f,Campbell,Alia,client,214,Wolfe,Valcourt,QC,CA,A9L 6T0
attorney756@tp2.com,FoVBKIER,Duguay,Talia,client,928,Corbon,Belleterre,QC,CA,E2N 7N8
effort803@tp2.com,CU2Bdz2N,Doyon,Emilien,client,76,King-Edward,Rivière-du-Loup,QC,CA,V2R 0Z6
so191@tp2.com,2aIFzT4z,Lampron,Kira,client,888,Monnoir,Neuville,QC,CA,D8S 7W6
ever755@tp2.com,idysDukM,Trépanier,Elianne,client,949,Golf,Sainte-Thérèse,QC,CA,K5G 6G2
responsibility157@tp2.com,DtowNg56,Labbé,Elio,client,188,De Montmagny,Mont-Laurier,QC,CA,S6B 2K4
simple977@tp2.com,wHkLUr4P,Lacharité,Ilyas,client,448,Elm,Scotstown,QC,CA,W6L 7G2
do568@tp2.com,tJjjLWM4,Godbout,Clara,client,297,Gaston-Veronneau,Saint-Tite,QC,CA,R5W 6H8
probably834@tp2.com,9FIGqAh9,Fiset,Brianna,client,1001,Baffin,Danville,QC,CA,L5M 1I1
want727@tp2.com,7aKHgBNK,Baribeau,Caleb,client,63,Mauves,Normandin,QC,CA,I5W 8H5
walk31@tp2.com,NpRIqvl0,Kirouac,Anabelle,client,933,Donat,Portneuf,QC,CA,X0H 1T7
memory756@tp2.com,IhirJUg5,Sylvestre,Loic,client,185,Nicolas,Saint-Eustache,QC,CA,Q3J 5J7
agent333@tp2.com,3SBvorM4,Vinet,Yohan,client,735,Geoffrion,Saint-Lazare,QC,CA,W7E 5R0
sense686@tp2.com,d9YVAbhM,Sylvain,London,client,582,Nevada,Sainte-Agathe-des-Monts,QC,CA,E5T 7W4
president780@tp2.com,qwPfcoAk,Charbonneau,Jacob,client,486,Périgny,Sainte-Marie,QC,CA,X8R 1K2
raise993@tp2.com,WaBhjEbV,Trépanier,Summer,client,238,Parent,East Angus,QC,CA,X3D 6F9
six623@tp2.com,5kMoZzoK,Doyle,Billie-rose,client,152,Lévesque,Saint-Eustache,QC,CA,Q9M 8X7
tend156@tp2.com,lWojsuOR,Arbour,Anaeve,client,602,Saint-Roch,Magog,QC,CA,R5R 7C2
social461@tp2.com,B6bbBC9I,Daoust,Micah,client,45,Jardin,Charlemagne,QC,CA,N6B 9M5
camera722@tp2.com,QNtp80rN,Lavoie,Phoebe,client,1019,Couperin,Saint-Lazare,QC,CA,J9P 1T5
difficult217@tp2.com,nWhWqn8h,Rodrigue,Malo,client,316,Antle,Témiscaming,QC,CA,Z9G 8V5
return295@tp2.com,Y6weEn9t,Charles,Oceane,client,208,Paul-Letondal,Métabetchouan–Lac-à-la-Croix,QC,CA,F6S 6A2
major645@tp2.com,Hu8aqEx1,Gignac,Antonio,client,357,Joyal,Waterville,QC,CA,I6G 9W5
doctor461@tp2.com,RhkunBkw,Vigneault,Jamie,client,391,Paul-Doyon,Thetford Mines,QC,CA,I2D 2N6
lot401@tp2.com,53dVJuYw,Bernier,Anne-sophie,client,529,Panet,Sainte-Anne-des-Plaines,QC,CA,V4W 6I3
pull905@tp2.com,uQPiptkY,Déry,Emiliano,client,596,Muscaris,Chambly,QC,CA,F3Z 2V8
south941@tp2.com,Pl2gpsTc,St-Laurent,Kaleb,client,1012,Charles-Roy,Sainte-Adèle,QC,CA,Q6P 3J2
body116@tp2.com,6QjMgfke,Baril,Blake,client,450,Joséphine,Beaconsfield,QC,CA,G3Z 2C0
resource731@tp2.com,kgKWeIUG,Clarke,Kai,client,629,Payette,Brossard,QC,CA,N0L 1E6
arrive898@tp2.com,dcKNnlaZ,Lussier,Louka,client,986,Lacombe,Fossambault-sur-le-Lac,QC,CA,O5T 2P5
central703@tp2.com,V2fTljh4,Hernandez,Florence,client,554,Plourde,Dunham,QC,CA,P4D 7Z8
leg877@tp2.com,YscDOsJl,Doré,Malia,client,44,Sauvé,Belœil,QC,CA,H1U 6T0
seven59@tp2.com,6vS8UHSB,Canuel,Dina,client,291,Joseph-Paré,Thurso,QC,CA,U9J 9Z3
land911@tp2.com,q0KDe7Ik,Frigon,Clarence,client,214,Vanier,Métis-sur-Mer,QC,CA,I9A 3I2
lead537@tp2.com,MOuOITCE,Binette,Alessio,client,305,Brosseau,Sainte-Marie,QC,CA,Z1M 8B5
some766@tp2.com,PaIjUsW8,Gélinas,Samuel,client,105,Mélèzes,Rivière-du-Loup,QC,CA,A0V 8Z3
six994@tp2.com,Pl2gpsTc,Walker,Alessandro,client,296,Robin,Gaspé,QC,CA,F1U 1B8
sexual312@tp2.com,MQ2GNyDa,Millette,Lisa,client,942,Charles-Aubertin,Daveluyville,QC,CA,H1F 7S9
become970@tp2.com,FoVBKIER,Proulx,Ludovic,client,478,Caryers,Lebel-sur-Quévillon,QC,CA,A4A 9B9
management162@tp2.com,SgHPgCLi,Pomerleau,Nova,client,513,Cortot,Neuville,QC,CA,Z6J 8X7
nature760@tp2.com,rTdsxjJJ,Bossé,Esteban,client,923,Gaudry,Belleterre,QC,CA,X9O 5L9
doctor402@tp2.com,qAccThNK,Chevrier,Evelyn,client,791,Orchard,Brownsburg-Chatham,QC,CA,W9S 1W7
amount549@tp2.com,FWqDcDeY,Bégin,Antonio,client,847,Jumièges,Warwick,QC,CA,E5M 8M3
despite521@tp2.com,HQjC6G1O,Bellerose,Gabriela,client,1004,Chanteclerc,Sainte-Thérèse,QC,CA,N0U 1C4
bad877@tp2.com,XiYLoYvs,Haché,Summer,client,956,Mufliers,Chambly,QC,CA,J6A 6T7
explain871@tp2.com,YjG1gSg5,Desaulniers,Elyam,client,814,Saint-Paul,Mont-Laurier,QC,CA,H7O 5G3
billion611@tp2.com,eD4VT9E9,Fontaine,Emilien,client,671,Éclipse,Neuville,QC,CA,P3P 4E5
despite797@tp2.com,q3v7QymT,Racicot,Madison,client,471,Moquin,Baie-Saint-Paul,QC,CA,Q2D 8A3
build680@tp2.com,5UNcUSnk,Anderson,Enzo,client,80,Pierre-De Caumont,New Richmond,QC,CA,U3M 5U8
oh102@tp2.com,IbGENX6B,Lanctôt,Zahra,client,585,Duclos,Saint-Honoré,QC,CA,Y8T 6I6
record115@tp2.com,EMf2a6fa,Doyle,Remy,client,186,Ontario,Waterloo,QC,CA,V1K 5H4
recent349@tp2.com,KRkczwkw,Couture,Zack,client,699,Escale,Notre-Dame-des-Prairies,QC,CA,J6G 3D7
other984@tp2.com,1nidbYdU,Marcotte,Madison,client,258,Léonard,Sainte-Anne-de-Bellevue,QC,CA,Y9Y 1O8
center577@tp2.com,dOEKV9ez,Vincent,Valentino,client,18,Tourangeau,L'Île-Cadieux,QC,CA,H0Z 6S3
agent333@tp2.com,bK9vGAAM,Pouliot,Maelle,client,724,Normandie,L'Assomption,QC,CA,W5O 5U8
occur547@tp2.com,Ld6RSZDf,Pierre,Miriam,client,768,Sydney,Sainte-Brigitte-de-Laval,QC,CA,N8V 2I9
bring49@tp2.com,rrzqbOkO,Ruest,Hendrix,admin,174,André-Charpentier,Thurso,QC,CA,F2I 4I5
body116@tp2.com,X4jfliT0,St-Hilaire,Enzo,client,185,Viger,Belœil,QC,CA,I8O 6A2
figure480@tp2.com,GW9guLGz,Perras,Siena,client,168,Piette,Témiscouata-sur-le-Lac,QC,CA,K8Z 0V3
fine3@tp2.com,BEj7rBnc,Morissette,Bea,client,445,Roses,Blainville,QC,CA,A5S 8M2
need834@tp2.com,UXqYAFr1,Guindon,Andrea,client,302,Leblanc,Clermont,QC,CA,O8F 2C3
left559@tp2.com,XK1p9kLJ,Déziel,Lina,client,716,Routhier,Malartic,QC,CA,H7L 8L9
maybe608@tp2.com,woYXPDkW,Lavigne,Aliyah,client,297,De Balboa,Danville,QC,CA,X9P 3A2
then562@tp2.com,LUDM58Di,Gilbert,Souleymane,client,158,Melba,Saint-Georges,QC,CA,F1Z 1P8
smile90@tp2.com,wDyYAgEX,Alexandre,Naelle,admin,60,Trianon,Kingsey Falls,QC,CA,T2X 5A2
miss674@tp2.com,uIUzeFDh,Tassé,Lena,client,721,Volta,L'Assomption,QC,CA,D3P 9C0
building882@tp2.com,YbRDM6O4,Sylvain,Elodie,admin,344,Longny,Rouyn-Noranda,QC,CA,K3Y 6K0
medical484@tp2.com,ZC5HiB4Y,Bourbeau,Timothee,client,622,Duncan,Notre-Dame-de-l'Île-Perrot,QC,CA,N2V 7F0
medical484@tp2.com,CCfqWJop,Robinson,Loik,client,997,Jean-Désy,Bromont,QC,CA,N7K 8E7
everything422@tp2.com,DqlaIuR9,St-Germain,Judith,client,155,Asselin,Matane,QC,CA,T1O 8D4
more581@tp2.com,i6gTDwQD,Tellier,Emmett,client,26,Orleans,Boucherville,QC,CA,S4W 5T5
need834@tp2.com,zb7QoIuK,St-Louis,April,client,70,Muguets,Métis-sur-Mer,QC,CA,W2R 2V1
memory458@tp2.com,9ZnxBt8m,Lachaîne,Felix,client,533,Émile,Trois-Rivières,QC,CA,L4M 3B6
mention87@tp2.com,9F3mB2I0,Munger,Madox,client,742,Murray,Carleton-sur-Mer,QC,CA,S2X 7B0
many92@tp2.com,FWqDcDeY,Bigras,Myriam,client,57,Général-Vanier,Barkmere,QC,CA,Q4L 7W6
little433@tp2.com,dMaRxPeZ,Boissonneault,Abbie,client,874,Perrier,Montréal,QC,CA,Z3V 6Z2
daughter984@tp2.com,2khIYnnE,Poliquin,Ava,client,375,Rubis,Mont-Royal,QC,CA,K2X 6Y9
when723@tp2.com,Sxn0GERJ,Hudon,Alexander,client,646,Le Chatelier,Saint-Honoré,QC,CA,E5I 0A0
response895@tp2.com,2ACqk92T,Francoeur,Freya,client,319,Provence,Forestville,QC,CA,F4Z 6O3
heat217@tp2.com,Hu8aqEx1,Lortie,Alicia,client,886,Cherbourg,Salaberry-de-Valleyfield,QC,CA,X2P 6H5
fine39@tp2.com,xaAjSE3K,Néron,Luke,client,836,Raymond,Cookshire-Eaton,QC,CA,G1J 7X2
laugh933@tp2.com,3rlwbD9f,Desrochers,Jaxon,client,646,Vosges,Pohénégamook,QC,CA,V4I 3M0
under158@tp2.com,2ACqk92T,St-Onge,Aksel,client,709,Roselins,Clermont,QC,CA,D0U 2K9
body740@tp2.com,9UahZf9i,Houle,Miro,client,683,Blanche-Herbe,Châteauguay,QC,CA,R5C 5Y8
table887@tp2.com,IOrowD6X,Pinsonneault,Elliott,client,285,Chardonneret,Gatineau,QC,CA,Y0Y 2D3
so803@tp2.com,hDstNkvx,Boulet,Jayson,client,644,De Vaudreuil,Bonaventure,QC,CA,U2H 3M9
blood89@tp2.com,vY6Okd2j,Lavallée,Meredith,client,290,Bavière,Candiac,QC,CA,F4N 6Y3
blue849@tp2.com,ebigVwy7,Harvey,Phoenix,client,291,Adam,Grande-Rivière,QC,CA,I0I 2N3
nearly774@tp2.com,KXaINTNA,Racicot,Youssef,client,432,Claude-Élisabeth-Souart,Marieville,QC,CA,Q7H 0O0
this453@tp2.com,gSa9nptj,Picard,Zack,client,300,Versailles,Saint-Lambert,QC,CA,R4K 2E7
even727@tp2.com,ytBHZ0VC,Cantin,Joakim,client,606,Rostand,Saint-Pascal,QC,CA,R9U 0A9
relate847@tp2.com,Iehb87Ui,Patry,Kaylee,client,907,Étienne-Brûlé,Lorraine,QC,CA,G6Y 2U4
door9@tp2.com,VY2wGYnO,Lambert,Elsie,client,90,Mathurin-Durant,Neuville,QC,CA,N4A 8E7
health723@tp2.com,XiYLoYvs,Landry,Dina,admin,110,Bénard,Château-Richer,QC,CA,F7H 7W0
large384@tp2.com,Sx19748u,Lacerte,Anna,admin,572,Lautrec,Rosemère,QC,CA,M2C 9L2
there95@tp2.com,5fI12wdh,Chayer,Jamie,client,94,Waterman,Saint-Georges,QC,CA,Q9A 0F7
ask249@tp2.com,Da74Peat,Meloche,Emmanuel,client,759,Massé,Saint-Césaire,QC,CA,J9A 2W1
poor966@tp2.com,VClxAKtb,Haché,Maeve,client,762,Lucerne,Rigaud,QC,CA,P0Z 9Y6
weapon702@tp2.com,p7jKYZ3j,Archambault,Jad,client,195,Jean-Maneau,Montréal,QC,CA,S3G 0F0
simple977@tp2.com,NF2WbrIO,Pineault,Nova,client,836,Conefroy,Saint-Pamphile,QC,CA,X1X 7N4
many92@tp2.com,y9IKiUtT,Munger,Thiago,client,291,Colbeck,Château-Richer,QC,CA,F5I 8Y4
compare854@tp2.com,Pl3MJld3,Malenfant,Charlie-rose,client,598,Normandie,Amqui,QC,CA,T2R 6I1
bed582@tp2.com,uoNfiOOo,Dupont,Massimo,client,282,Hussards,L'Ancienne-Lorette,QC,CA,Q6C 2P6
dark8@tp2.com,F55e7H7q,Loiselle,Axelle,client,27,Roberval,New Richmond,QC,CA,A7B 3W3
need464@tp2.com,W0JwLjz1,Lalancette,Miguel,client,318,Caron,Laval,QC,CA,R4G 7Y9
suddenly591@tp2.com,9Y12cx1c,Croteau,Marine,client,372,De Cournoyer,Lac-Sergent,QC,CA,V1Z 6V5
forward609@tp2.com,legQuIim,Descôteaux,Justine,client,754,Viger,Sherbrooke,QC,CA,H6K 5D1
travel49@tp2.com,keaXV6qV,Latour,Martin,client,435,Nice,L'Assomption,QC,CA,B7G 4P2
difficult217@tp2.com,VsV3O54b,Chevrier,Marilou,client,260,Perrot,Disraeli,QC,CA,V6I 8W5
financial806@tp2.com,5NhXhL4y,Lafleur,Louane,client,661,Vermette,Rouyn-Noranda,QC,CA,Y0Q 1T3
blue134@tp2.com,ytBHZ0VC,Girard,Anabelle,client,917,Guyenne,Port-Cartier,QC,CA,L9U 9L6
raise993@tp2.com,xDCRZPVE,Beauvais,Kai,client,872,Dominion,Mont-Tremblant,QC,CA,O9N 9X6
buy205@tp2.com,D42CU6Mr,Ledoux,Nathan,client,891,Péloquin,Westmount,QC,CA,D9G 9T4
apply43@tp2.com,ItglfSMz,Lamothe,Louka,client,502,Marquise,Cowansville,QC,CA,L2E 3F4
affect664@tp2.com,jJ6805MZ,Aubut,Anastasia,client,462,Brodeur,L'Île-Dorval,QC,CA,D3T 1Q0
fall584@tp2.com,C4BFxHtx,Charette,Gaspard,client,528,Scott,Belœil,QC,CA,N6V 8Q9
my909@tp2.com,0m7ilXLT,Bisson,Kaylee,client,497,Coprins,Saint-Pascal,QC,CA,E8T 1A4
Republican956@tp2.com,dX4ZS5eV,Boissonneault,Angela,client,580,De Niverville,Saint-Charles-Borromée,QC,CA,Y4D 4J2
stage217@tp2.com,cNISlKsK,Maillé,Maeve,client,514,Duchesse,Carleton-sur-Mer,QC,CA,U1I 3F6
piece281@tp2.com,ozCRHzKx,Lapalme,Yanis,client,450,Roger,Saint-Raymond,QC,CA,E2U 1E1
economic39@tp2.com,jac6Y8A2,Dubois,Travis,client,251,Darontal,Sainte-Catherine,QC,CA,H1Q 5B5
pay988@tp2.com,dROv29t5,Neveu,Maddison,client,695,Gauthier,Rosemère,QC,CA,C1D 0Z3
open809@tp2.com,fNjzLtkt,Guénette,Wilson,client,896,Mondor,Otterburn Park,QC,CA,I0G 0B8
ground885@tp2.com,fgsW97ou,Guay,Nelya,client,593,Poitou,La Tuque,QC,CA,R9Z 3Z9
necessary528@tp2.com,uJR2Jjkl,Pagé,Emma,client,302,Étienne-Brûlé,Saint-Félicien,QC,CA,V5Q 7H3
ever355@tp2.com,SngNjGZG,Villeneuve,David,client,903,Chevreuil,Grande-Rivière,QC,CA,N2O 0F5
event682@tp2.com,yYw2j0RE,Tousignant,Nael,client,741,Chatham,Barkmere,QC,CA,D6A 8H7
major645@tp2.com,J9aFDiQj,Riopel,Bella,client,912,Laure-L.-Hosson,Notre-Dame-des-Prairies,QC,CA,B6A 5W9
region519@tp2.com,ECzgEF06,Godin,Adelaide,client,351,Des Rivières,Blainville,QC,CA,X0E 3K2
someone696@tp2.com,yQgsqJOz,Poitras,Auguste,client,836,Semis,Saint-Joseph-de-Beauce,QC,CA,L0B 8C6
picture610@tp2.com,S1igdFbf,Pichette,Samuelle,client,803,Labelle,Drummondville,QC,CA,L6B 1P1
enough327@tp2.com,dMaRxPeZ,Corbeil,Timothe,client,571,King,Saint-Jérôme,QC,CA,T2E 3Q9
until47@tp2.com,kgKWeIUG,Jones,Yara,client,445,Holmes,Saint-Amable,QC,CA,G8F 9W1
heavy26@tp2.com,khO15CQa,St-Amour,Omar,client,480,Staveley,Saint-Amable,QC,CA,H0A 8E6
until47@tp2.com,2aIFzT4z,Nolin,Victoria,client,618,Mazenod,Disraeli,QC,CA,Z6Y 5K9
voice619@tp2.com,YS7l5wbo,Paquette,Kai,admin,278,Beckett,Plessisville,QC,CA,G2J 5E6
court275@tp2.com,sKBHhWH0,Pearson,Damian,client,993,Woodstock,Saint-Colomban,QC,CA,H4W 8K3
whose872@tp2.com,PdLUECub,Turcotte,Kevin,client,733,D'Iberville,Windsor,QC,CA,Q4W 4C5
out671@tp2.com,RkbapqZP,Tanguay,Jordan,client,404,Abbés-Primeau,Saint-Constant,QC,CA,B0O 9F8
some766@tp2.com,x7bjESrH,Brisebois,Nellie,client,461,Ritchie,Matane,QC,CA,F3Q 8X9
discuss960@tp2.com,UlRXooit,Pinette,Elliott,client,880,Kirouac,Sainte-Julie,QC,CA,O0D 7J6
different315@tp2.com,Ww2bglCn,Hervieux,Lilya,client,532,Hocquart,Nicolet,QC,CA,L4C 2S5
soldier505@tp2.com,UqibdYKg,Dubreuil,Emilia,client,622,Robillard,Mont-Royal,QC,CA,Y7L 7B5
simple977@tp2.com,S1igdFbf,Sabourin,Lea-jade,client,503,Hamamélis,Drummondville,QC,CA,P7H 0Y8
find344@tp2.com,W1TiKcNJ,Lafrance,Lauraly,client,900,Ferland,Stanstead,QC,CA,Q5B 1G0
enter700@tp2.com,YscDOsJl,St-Martin,Andrea,client,819,Parker,Causapscal,QC,CA,O2N 4N1
fine467@tp2.com,ohiws1hs,Julien,Astrid,client,257,Bédard,Saint-Constant,QC,CA,C6I 5G6
she975@tp2.com,roFQ5zSI,Baribeau,Adeline,client,607,De Niverville,Pincourt,QC,CA,X5X 3Q8
poor7@tp2.com,8aXtpk9c,Aubry,Khloe,client,614,Beckett,Bonaventure,QC,CA,P6Z 7J6
fund29@tp2.com,Hu8aqEx1,Hamelin,Cedric,client,556,Gilbert,Lachute,QC,CA,F4X 8Z1
paper234@tp2.com,kRc85iJJ,Marcil,Elie,client,977,Couture,Témiscouata-sur-le-Lac,QC,CA,J2D 0M1
side357@tp2.com,LZFHWPDU,Corbin,Damian,client,222,Oslo,Chambly,QC,CA,J3Q 5L4
figure480@tp2.com,KIrXGZZt,Dastous,Mathys,client,819,Normandie,Nicolet,QC,CA,A1T 1M1
seat447@tp2.com,vhCnMxbt,Houle,Mariam,client,439,Auvergne,Maniwaki,QC,CA,L4W 9S0
order334@tp2.com,dOEKV9ez,Lafortune,Rayan,client,662,De Salières,Amqui,QC,CA,W6W 3Q2
weapon702@tp2.com,QRiQAMyw,Tousignant,Pierre,client,1019,Industrielle,Richelieu,QC,CA,N1Q 2J9
husband543@tp2.com,XK1p9kLJ,Morency,Charles,client,811,Jacques-Cartier,Notre-Dame-des-Prairies,QC,CA,T3Q 2F2
story627@tp2.com,DtowNg56,Blanchard,Inaya,client,847,Lionel,Belœil,QC,CA,U9T 3B8
kid624@tp2.com,J9aFDiQj,Allen,Eugenie,client,569,Queen,Baie-Saint-Paul,QC,CA,T9P 2N6
five755@tp2.com,xjay3ttv,Séguin,Amy,client,464,Wolfe,Waterville,QC,CA,L5E 3P3
drug689@tp2.com,ACRIOSfK,Demers,Jessy,client,14,René-Descartes,Saint-Basile-le-Grand,QC,CA,D6G 3H0
finally621@tp2.com,2gyJ1Xct,Doyon,Maddy,client,286,Pasteur,Otterburn Park,QC,CA,P8Z 0U2
wonder590@tp2.com,cMKx1JiT,Jetté,Connor,client,141,Jules-Léger,Château-Richer,QC,CA,D7G 8T8
expert722@tp2.com,KDkp7MkZ,Ahmed,Aaron,client,265,Lalande,Châteauguay,QC,CA,P4O 4I2
region519@tp2.com,mE84jCrd,Le,River,client,325,Fougère,Sainte-Adèle,QC,CA,K5Y 5L4
itself210@tp2.com,dcKNnlaZ,Gonthier,Lou,client,864,Philippe-Parizeau,Sorel-Tracy,QC,CA,I8N 6Q4
myself810@tp2.com,k9uIjdFW,Perras,Madeleine,client,975,Thomas-Chapais,Saint-Pamphile,QC,CA,Q3J 3D1
run37@tp2.com,OhAbSs7k,Thivierge,Gabriel,client,889,Luton,Charlemagne,QC,CA,P8Q 7N2
left639@tp2.com,VrnrZiUJ,Robidoux,Malak,client,686,R-100,Chibougamau,QC,CA,I7Y 2J4
pay40@tp2.com,BOSXMZmv,Pharand,Adriana,client,128,Melba,L'Île-Perrot,QC,CA,E2Q 6M7
candidate937@tp2.com,vtIv082J,Chan,Serena,client,956,Lorraine,Acton Vale,QC,CA,R4A 3D8
strategy727@tp2.com,72d0oFrW,Boisjoli,Nathanael,client,608,Banting,Mercier,QC,CA,Q7C 7O4
quickly136@tp2.com,XUprVeTA,Dupont,Eloise,client,804,Duluth,Montréal-Ouest,QC,CA,Q7N 9B5
network176@tp2.com,doRdpFvw,Gaudreault,Loan,client,474,Mistral,Mont-Saint-Hilaire,QC,CA,G4E 9N0
miss785@tp2.com,CU2Bdz2N,Alain,Olive,client,217,Boulogne,L'Île-Perrot,QC,CA,X5K 3F2
page681@tp2.com,Xl4KzbsL,Léger,Andrea,client,986,Brière,Rigaud,QC,CA,E8C 8A1
agreement566@tp2.com,bb83ZcpG,Cadorette,Hubert,client,811,De La Jemmerais,Schefferville,QC,CA,G0W 6U0
table887@tp2.com,0xRU8766,Lalonde,Ismael,client,902,Varin,Saint-Basile,QC,CA,S1Z 0S5
page681@tp2.com,H3YNQXYk,Charron,Mael,client,543,Césaire,Trois-Pistoles,QC,CA,T2D 4M0
people79@tp2.com,o9Ppm1Kd,Martinez,Frederic,client,677,Bégonias,Val-des-Sources,QC,CA,Y3Q 4Y6
affect664@tp2.com,lNUNEiq4,Rochon,Mikael,client,60,François-Gravé,Sainte-Julie,QC,CA,B8P 0V6
eight750@tp2.com,XO9RhhMe,Bazinet,Ilyan,client,199,James-E.-Davis,Ville-Marie,QC,CA,E0Y 0R5
discussion932@tp2.com,Yts9AV39,Lauzon,Zahra,client,759,Deschamps,Repentigny,QC,CA,P4D 7R7
PM984@tp2.com,X9hXPxUv,Joseph,Hannah,admin,147,Roselins,Prévost,QC,CA,X6E 7Y3
way32@tp2.com,PBFIZvsD,David,Alysson,client,417,Dollard,Huntingdon,QC,CA,K3S 1M2
in359@tp2.com,vp6NtPBo,Pomerleau,Albert,client,278,Jensens,Sainte-Thérèse,QC,CA,I6T 8I9
six994@tp2.com,CwmMB6i4,Cohen,Jack,client,943,Labadie,Saint-Basile,QC,CA,H1B 8H3
agent333@tp2.com,pBkRE8wj,Champoux,Felix,client,403,Joseph-Poulin,Louiseville,QC,CA,D9S 3Q9
strategy727@tp2.com,l2Di5qUa,Potvin,Zara,client,537,Smiley,Chapais,QC,CA,U6U 4H2
go628@tp2.com,bHDBmINB,Papineau,Leonie,client,275,Alvares-Cabral,Rosemère,QC,CA,R6V 3N7
talk638@tp2.com,2Cqsxsbv,Charette,Charlie,client,153,Springfield,Kingsey Falls,QC,CA,M1N 0R4
period487@tp2.com,mFeTixxZ,Nault,Leticia,client,161,Picardie,Saint-Joseph-de-Sorel,QC,CA,D9M 9N4
finish799@tp2.com,FWqDcDeY,Desmarais,Agnes,client,334,William-Notman,Waterville,QC,CA,F0A 0L5
many92@tp2.com,lTbnS9Uf,Chevalier,Ophelia,client,122,Horsfall,Desbiens,QC,CA,Q5F 3Y3
step890@tp2.com,V0Do9l9i,Pouliot,Declan,client,383,Marie-Chauvin,Sainte-Marie,QC,CA,E8B 5Z6
financial806@tp2.com,0r9TtxPR,Poisson,Cleo,admin,529,Muguet,Sainte-Marthe-sur-le-Lac,QC,CA,N6J 3U8
travel49@tp2.com,CUV91pdP,Grenon,Jasmin,client,564,De La Saudrays,Blainville,QC,CA,Y1O 7K0
good237@tp2.com,7aunaXYC,Thivierge,Wesley,client,184,Saint-Thomas,Pointe-Claire,QC,CA,M4G 9I0
hear816@tp2.com,xDaFopML,Mallette,Ania,client,194,Industrielle,Macamic,QC,CA,V8P 8P4
evidence222@tp2.com,uRiuzduZ,Dubuc,Louka,client,727,Jacques-Viau,Sainte-Julie,QC,CA,Q8A 4A7
simple977@tp2.com,D42CU6Mr,Moisan,Dawson,client,765,Smiley,Saint-Jean-sur-Richelieu,QC,CA,A2V 8O7
religious357@tp2.com,pTEfiClj,Métivier,Myriam,client,222,Bisaillon,Saint-Jérôme,QC,CA,L6R 5I2
smile441@tp2.com,Apqhe9K7,Chiasson,Elora,client,372,Cugnet,Alma,QC,CA,Q0X 9C1
six994@tp2.com,N2RLGpIO,Fecteau,Miro,client,863,Nantes,Coaticook,QC,CA,E2W 5S3
lead936@tp2.com,8aXtpk9c,Forget,George,client,389,Canon,L'Île-Cadieux,QC,CA,T8Y 3O7
religious961@tp2.com,hDstNkvx,Lespérance,Sirine,client,366,MacGregor,Senneterre,QC,CA,R5F 3Z3
way75@tp2.com,N16hEyr0,Rochefort,Philippe,client,581,Pratt,Saint-Joseph-de-Beauce,QC,CA,B8V 9A8
table887@tp2.com,m98bgguB,Gaulin,Idris,client,306,Isabelle,Sept-Îles,QC,CA,W6I 3T4
power830@tp2.com,YscDOsJl,Gingras,Cassandra,client,824,André-Sainte-Marie,Farnham,QC,CA,N9Q 6J7
medical508@tp2.com,FWqDcDeY,Baillargeon,Florent,client,324,Anjou,Saint-Sauveur,QC,CA,M7S 0T0
kid624@tp2.com,ozCRHzKx,Courchesne,Marc,client,870,Grisé,Rouyn-Noranda,QC,CA,R5E 5A4
yeah823@tp2.com,aX0YUX9h,Pham,Loik,client,363,Ottawa,Saint-Jérôme,QC,CA,B0F 5P0
kitchen320@tp2.com,MOjelTWz,Soucy,Malia,client,883,Lorraine,Gatineau,QC,CA,H1M 4Y4
sense686@tp2.com,VCGyW5Do,Rainville,Blanche,client,484,Gascogne,Mirabel,QC,CA,O1A 5Q1
go628@tp2.com,fD9Q8H33,Maisonneuve,Ahmad,client,752,Jean-Deniau,Dollard-Des Ormeaux,QC,CA,O5R 1J2
owner604@tp2.com,yncVD9kf,Piché,Emile,client,336,Mailloux,Sherbrooke,QC,CA,G5X 0D1
health896@tp2.com,jac6Y8A2,Cantin,Abbie,client,592,Lamarche,Waterloo,QC,CA,T6R 8W4
little433@tp2.com,kvpLYNl0,Johnson,Souleymane,client,889,Adélaïde,East Angus,QC,CA,L5B 4B3
trial128@tp2.com,xDCRZPVE,Hurtubise,Ava,client,814,Orsini,Richelieu,QC,CA,J4X 1S5
occur337@tp2.com,MgjrNBEe,Kaur,Andy,client,221,Provence,Neuville,QC,CA,X1L 0I4
lead936@tp2.com,2Cqsxsbv,Brazeau,Anaeve,client,250,Waterman,Mirabel,QC,CA,G3H 4X1
gun826@tp2.com,uQviPoqs,Dostie,Eli,client,538,Maizières,Léry,QC,CA,W0S 6O6
travel49@tp2.com,yncVD9kf,Lavallée,Sophie,client,540,Colibris,Laval,QC,CA,P2C 1I4
fall584@tp2.com,J9aFDiQj,Champagne,Allison,client,137,La Noraye,Saint-Bruno-de-Montarville,QC,CA,E8R 3P4
leave365@tp2.com,22NG2cQw,Desrochers,Zion,client,659,Mainville,Baie-D'Urfé,QC,CA,K0S 2A5
leader403@tp2.com,3SdGcMJK,Routhier,Naya,client,358,Oder,Sainte-Catherine-de-la-Jacques-Cartier,QC,CA,Z1N 7C3
evidence222@tp2.com,K10JgwHl,Boisclair,Idris,client,764,Bourgeoys,Estérel,QC,CA,W4O 8W1
fine3@tp2.com,oTtiem4N,Gilbert,Alan,client,165,Martin,Alma,QC,CA,T3D 1D0
officer113@tp2.com,ReYCgL4G,Beaucage,Skye,client,309,Leckie,Saint-Constant,QC,CA,M5J 5P3
message47@tp2.com,vzRRLFJz,Blain,Yusuf,client,928,Rameau,Mont-Laurier,QC,CA,P8W 2R0
discussion932@tp2.com,EgP2KWaF,St-Hilaire,Nour,admin,540,Edmond-Hardy,Maniwaki,QC,CA,B4Z 2Y0
out26@tp2.com,4PTobuyy,Bachand,Thomas,client,444,Bagot,Belleterre,QC,CA,G8E 6D2
blood417@tp2.com,hKA1WZv2,Robertson,Evalie,client,865,Richard,La Prairie,QC,CA,G6G 3D7
late329@tp2.com,pTEfiClj,Morissette,Connor,client,406,De Grandpré,La Malbaie,QC,CA,V7P 8F6
central703@tp2.com,4cZA4BJh,Cloutier,Lexie,client,553,Tunisie,Windsor,QC,CA,Y3V 1C3
outside334@tp2.com,ebigVwy7,Ste-Marie,Megane,client,877,Bénard,Pointe-Claire,QC,CA,D5J 8U8
oh102@tp2.com,Cz75sgzN,Carbonneau,Skyla,client,417,Bougainville,L'Île-Cadieux,QC,CA,Z4S 3N9
risk164@tp2.com,Kr3wMSlx,Gariépy,Elina,client,208,Orchard,Sainte-Agathe-des-Monts,QC,CA,M1N 4E8
mother30@tp2.com,6xICd1oK,Duchesne,Thalia,client,527,Roselins,Sainte-Agathe-des-Monts,QC,CA,V8P 4M4
section502@tp2.com,hDstNkvx,Constantineau,Anabelle,client,107,Nolet,Saint-Basile-le-Grand,QC,CA,L2W 7P0
event544@tp2.com,6A0nWetW,Rochette,Angelina,client,187,Lorraine,Dorval,QC,CA,A0G 3C9
finish799@tp2.com,GDTCt02h,Dubé,Jason,client,795,Orléans,Bromont,QC,CA,O4D 8N3
put133@tp2.com,4XOXlHeE,Dufresne,Arielle,client,374,Gaspé,Sainte-Anne-de-Bellevue,QC,CA,W3Z 3U8
same278@tp2.com,QM2Vq7Cg,Falardeau,Celia,client,793,Aberdeen,Bonaventure,QC,CA,U9G 2C8
society869@tp2.com,1SrjsgkT,Jacques,Brooklyn,client,644,Brissette,Sherbrooke,QC,CA,Y0V 8I0
clearly885@tp2.com,FLj279hd,Chassé,Alexi,client,761,Potentilles,Lachute,QC,CA,U7H 4R3
already785@tp2.com,IK7t5sGV,Longpré,Melia,client,680,Bourdages,Saint-Jérôme,QC,CA,Y7U 6I8
win539@tp2.com,CCfqWJop,Moisan,Cedrick,client,806,Cortot,Acton Vale,QC,CA,G8S 8B9
either116@tp2.com,QXpz3eza,Labbé,Gabriella,client,896,Dulude,New Richmond,QC,CA,J1G 1T8
weapon702@tp2.com,IbGENX6B,Cliche,Arthur,client,727,Limoges,Bonaventure,QC,CA,V2Z 4Y4
phone626@tp2.com,jmzXh7B0,Boucher,Aicha,client,2,Lincourt,Kingsey Falls,QC,CA,D4W 9E7
people79@tp2.com,4cZA4BJh,Ouimet,Leopold,client,232,Dupras,Coteau-du-Lac,QC,CA,A4O 7A4
else195@tp2.com,bEESrO1l,Brault,Mathilde,admin,680,Pinard,Saint-Joseph-de-Beauce,QC,CA,Y0Q 9Z8
rule884@tp2.com,dMaRxPeZ,Brault,Robin,client,356,Monseigneur-Charbonneau,Saint-Marc-des-Carrières,QC,CA,K5N 0F4
child610@tp2.com,rAxHs0A3,Lecompte,Catalina,client,378,Muguets,Cap-Chat,QC,CA,X3G 4L1
special34@tp2.com,z4rLVVp8,Rochon,Eric,client,213,Fréchette,Forestville,QC,CA,L3L 3Q3
rock512@tp2.com,dzkL16aC,Brunet,Yazid,client,698,Corbon,Chapais,QC,CA,J1Z 1K5
stock288@tp2.com,V2fTljh4,Charland,Gabriela,client,359,Hirondelles,Bécancour,QC,CA,S2D 2B3
shot861@tp2.com,2ACqk92T,Labelle,Amaya,client,136,David,Magog,QC,CA,G9Y 1U9
buy205@tp2.com,MJLbfeBY,Lanthier,Antonio,client,150,Meilleur,Saint-Tite,QC,CA,O8Q 2T4
leader403@tp2.com,4nUB5QWY,Daviault,Scott,client,252,Louis-Quilico,Salaberry-de-Valleyfield,QC,CA,A3X 9R0
west498@tp2.com,CU2Bdz2N,Blain,Esmee,client,83,Therrien,Saguenay,QC,CA,Y3W 9E2
human846@tp2.com,1SrjsgkT,Veillette,Arnaud,client,747,Père-Le Jeune,Saint-Lin–Laurentides,QC,CA,N5K 0J3
project44@tp2.com,2aIFzT4z,Otis,Jeanne,client,588,Villiers,Drummondville,QC,CA,S5I 0T1
will863@tp2.com,z3PrD5Nt,Daigneault,Sasha,client,80,Labrie,Forestville,QC,CA,B8P 3Y8
call866@tp2.com,GwuCiwik,Lachaîne,Samuelle,client,801,Barbeau,Donnacona,QC,CA,N7H 9Z6
throw830@tp2.com,kCUllUlo,Lepage,Evie,client,861,Toscane,Kirkland,QC,CA,V1U 8O4
could834@tp2.com,Ww2bglCn,Soulières,Dean,client,827,Jacques-Buteux,Macamic,QC,CA,P0D 1H3
compare854@tp2.com,cyQLY8Ne,Dubé,Ely-rose,client,766,Saint-Jean,Saint-Ours,QC,CA,Q4F 7L1
return328@tp2.com,wBaIgnNe,Gallant,Kenzo,client,862,De Bougainville,L'Île-Cadieux,QC,CA,U8U 3M5
data314@tp2.com,yVVtJlgt,Rancourt,Leandro,client,703,King-George,Lac-Mégantic,QC,CA,E8G 0H3
out671@tp2.com,m4GzVBae,Chan,Armand,client,51,De Sérigny,Saint-Constant,QC,CA,Y9E 9T8
physical819@tp2.com,6uF2MBPF,Mailloux,Gabriella,client,86,Normandie,Daveluyville,QC,CA,Z8G 2Z8
Mr904@tp2.com,muwtUBES,Papineau,Elie-rose,client,464,Provence,Saint-Hyacinthe,QC,CA,B7O 9O1
black805@tp2.com,IZqIQKuV,Rivest,Auguste,client,1015,Bossé,Saint-Marc-des-Carrières,QC,CA,O5G 1Y0
seat447@tp2.com,MOuOITCE,Vallières,Tyson,client,644,Cantin,Matane,QC,CA,T0Z 4A5
buy195@tp2.com,0TzXN9i7,Sénécal,Kyra,client,526,De Châteauguay,Sainte-Brigitte-de-Laval,QC,CA,M9O 5K5
bed439@tp2.com,5fI12wdh,Arbour,Lincoln,admin,677,De Callières,Macamic,QC,CA,G2P 8L5
five755@tp2.com,dzkL16aC,Raymond,Eline,client,293,Suzor-Coté,Mont-Laurier,QC,CA,S2B 7X6
government193@tp2.com,EGCyoya5,St-Gelais,Eleonore,client,164,Berthier,Roberval,QC,CA,A2P 5T4
value28@tp2.com,34lfloRK,Nault,Laura,client,445,Philp,Normandin,QC,CA,K5T 5A1
many92@tp2.com,4nUB5QWY,Gonzalez,Megan,client,505,Légion,La Malbaie,QC,CA,C5Z 8U2
memory458@tp2.com,qRnVNsDJ,René,Evalie,client,692,Géraniums,Baie-D'Urfé,QC,CA,X1E 9Y0
about176@tp2.com,wvaMs3vH,Thiffault,Hazel,client,517,Bélair,Kirkland,QC,CA,V7K 6H6
miss152@tp2.com,WtG5DubB,Gonzalez,Amanda,client,610,Paré,Sainte-Marguerite-du-Lac-Masson,QC,CA,R9Q 7M6
itself210@tp2.com,vzRRLFJz,Payette,Iris,client,659,Buses,Plessisville,QC,CA,S5J 9C1
language987@tp2.com,q0KDe7Ik,Martin,Tomas,client,990,Dominion,Montréal,QC,CA,A1H 3F4
remember537@tp2.com,gLU8y52K,Gougeon,Darius,client,247,Docteur-Chevrier,La Tuque,QC,CA,U8N 4P5
dinner428@tp2.com,X9hXPxUv,Blain,Philippe,client,862,Corte-Real,Varennes,QC,CA,T9U 5N1
sign17@tp2.com,gJ70HUHE,St-Louis,Arlo,client,55,Molière,Montréal-Est,QC,CA,S8Q 6G3
gun826@tp2.com,UqibdYKg,Mallette,Malia,client,950,Emborne,Normandin,QC,CA,Z1G 6G9
ground885@tp2.com,CUV91pdP,Beauchamp,Lea-jade,client,732,Mesnard,Forestville,QC,CA,G8S 7P3
yeah823@tp2.com,9XkY8ZdK,Laporte,Loucas,client,630,Guillerm,La Pocatière,QC,CA,B3U 6H0
clearly885@tp2.com,Zx6P3lYt,Arcand,Liliana,client,789,Thierry,Clermont,QC,CA,L2M 9S7
as392@tp2.com,5IZia7c2,Ahmed,Maxim,client,438,Repentigny,Percé,QC,CA,X7Q 3C1
wait110@tp2.com,EXILGXb7,Deblois,Hendrix,admin,234,Andrien,Fossambault-sur-le-Lac,QC,CA,C6Y 8S2
message47@tp2.com,OFb1wAGA,Tellier,David,client,377,Mistral,Saint-Colomban,QC,CA,L3G 1L0
blue134@tp2.com,zt8V7KVo,St-Germain,Alexi,client,10,Lamothe-Cadillac,Dégelis,QC,CA,U3D 6P9
kid981@tp2.com,RGE1tdFc,Thompson,Mylo,client,1021,Pontgravé,Cowansville,QC,CA,M1W 1F9
mother822@tp2.com,kmE7ME94,Collins,Francis,client,691,Labonté,Saint-Basile-le-Grand,QC,CA,Q4O 5T7
American596@tp2.com,7BuDNAXB,Busque,August,client,382,Louis-H.-La Fontaine,Sainte-Marthe-sur-le-Lac,QC,CA,B5O 0M2
data508@tp2.com,PFJhsGtd,Méthot,Alessandro,client,225,Lupien,Saint-Eustache,QC,CA,X9H 8S4
black81@tp2.com,Gecy5Yjz,Taylor,Emmy,client,961,Champlain,Murdochville,QC,CA,S3I 2U4
evening723@tp2.com,Qnq2YaXI,Cliche,Jeremiah,client,275,Dolbeau,Saint-Amable,QC,CA,J3Q 9R8
wife759@tp2.com,K10JgwHl,Sergerie,Adem,client,193,Bourdon,East Angus,QC,CA,T7U 5N0
rather586@tp2.com,NF2WbrIO,Samson,Lorie,client,689,Ulric-Dubois,Varennes,QC,CA,C7K 0B8
victim324@tp2.com,sKBHhWH0,Singh,Jaylen,client,47,Lacoste,Fermont,QC,CA,A0Z 5Z4
talk638@tp2.com,3G43UFlm,Tessier,Jana,client,463,Bachand,Delson,QC,CA,A3D 5L0
miss674@tp2.com,NF2WbrIO,Lacroix,Cecilia,client,63,Perce-Neige,Rosemère,QC,CA,W9D 5Y6
financial806@tp2.com,PaIjUsW8,Faubert,Ghali,client,230,Montcalm,Cookshire-Eaton,QC,CA,N4O 0J3
note132@tp2.com,VClxAKtb,Smith,Arno,client,696,Médéole,Berthierville,QC,CA,J6D 5T0
period487@tp2.com,VsV3O54b,Chicoine,Anas,client,84,Charbonneau,Joliette,QC,CA,I6X 5Q2
probably834@tp2.com,rgMc3qyc,Léger,Alexandra,client,221,Waterman,Notre-Dame-de-l'Île-Perrot,QC,CA,L4W 9Z2
responsibility456@tp2.com,6OqiR5S0,Daraiche,Lukas,client,192,Charlotte,Saint-Philippe,QC,CA,D0A 5W4
fill971@tp2.com,lwHo2y2U,Roger,Amy,client,572,Arthur-Sicard,Rigaud,QC,CA,S6M 7F6
response895@tp2.com,vp6NtPBo,Rose,Riley,client,543,Holmes,Sainte-Julie,QC,CA,J9R 5W0
enjoy168@tp2.com,T4HLjJoj,Duclos,Dana,admin,409,Savoyane,Rivière-Rouge,QC,CA,O3B 6X4
even727@tp2.com,ZOXfoVML,Biron,Mohamed,client,243,Bétournay,Saint-Honoré,QC,CA,B0J 4W5
relationship551@tp2.com,72d0oFrW,Caissy,Aria,client,1009,Benjamin-Sulte,Magog,QC,CA,L8F 6W8
sexual504@tp2.com,d9YVAbhM,Parenteau,Austin,client,364,Colbeck,La Sarre,QC,CA,T6J 8B7
now873@tp2.com,RhkunBkw,Sergerie,Ibrahima,client,261,Guillaume,Bedford,QC,CA,G6L 9U8
economic39@tp2.com,mWLZYt2s,Desgagné,Novalie,client,232,Bachand,Saint-Charles-Borromée,QC,CA,K4H 7P3
kind934@tp2.com,mWLZYt2s,Brouillard,Oceanne,client,438,Bernard-Darche,Richelieu,QC,CA,U5X 3F5
note132@tp2.com,BlHP1aB3,Houle,Kayden,client,241,Garenne,Val-d'Or,QC,CA,Q1F 4Q6
her589@tp2.com,0TzXN9i7,Rhéault,Molly,client,847,Bruges,Cookshire-Eaton,QC,CA,P3X 3L4
alone908@tp2.com,bb83ZcpG,Brouillard,Coralie,client,400,Didace,Saint-Basile,QC,CA,K2U 3T8
fall384@tp2.com,XjWch2pT,Léonard,Gabriel,client,447,Dirigeables,Amos,QC,CA,Q8D 4P1
west498@tp2.com,oTtiem4N,Houle,Zara,client,352,Châteauguay,Lac-Saint-Joseph,QC,CA,I3H 2Z1
inside896@tp2.com,dzkL16aC,Héroux,Yacine,client,765,Martin,L'Assomption,QC,CA,M0Z 8H0
remember371@tp2.com,IatNYyz7,Biron,Lyvia,client,513,Legault,Drummondville,QC,CA,T3Q 1G7
ahead803@tp2.com,bI39QSTw,Dumoulin,Anais,client,841,Boies,Témiscaming,QC,CA,M9O 9Q6
build680@tp2.com,UR6Qcrbm,Goyer,Adriana,client,62,Sylvia-Daoust,Schefferville,QC,CA,W3R 3N1
medical484@tp2.com,Studz8OV,Sergerie,Ally,client,119,Gilles-Hocquart,Chandler,QC,CA,J6E 9L9
college701@tp2.com,oJoKSs7i,Gouin,Daven,client,179,Orsini,Joliette,QC,CA,L0I 4W0
subject522@tp2.com,R3gOhieX,Roussy,Nova,admin,826,Nielsen,Saint-Basile-le-Grand,QC,CA,R5A 7Q6
black81@tp2.com,7kxS7lIK,Émond,Timothee,client,249,Lionel-Groulx,Saint-Eustache,QC,CA,K6G 6U0
teacher159@tp2.com,rgP4s87h,Harvey,Hugo,admin,154,Pierre-Biard,L'Île-Perrot,QC,CA,W6O 7X5
building882@tp2.com,KiteptsS,Bernier,Louana,client,1007,Caron,Macamic,QC,CA,B1A 3L3
affect664@tp2.com,i6gTDwQD,Khan,Leticia,client,578,Murdoch,Dolbeau-Mistassini,QC,CA,W0J 6H1
expert754@tp2.com,be8Faz1w,Desbiens,Andy,client,641,Boudreau,Baie-D'Urfé,QC,CA,N7U 5F8
dog981@tp2.com,wyRhNj2e,Maltais,Margaux,client,120,Sullivan,La Malbaie,QC,CA,F3K 8A3
account669@tp2.com,eRNETV8a,Pageau,Ayla,client,616,Pépin,Belœil,QC,CA,H8I 6C7
room240@tp2.com,XXUO2V3E,Canuel,Samuelle,client,517,Vermette,Dollard-Des Ormeaux,QC,CA,C0F 8J0
apply43@tp2.com,dM1Cr5bt,Aubry,Renaud,client,579,Talbot,Kirkland,QC,CA,R6N 5C8
financial889@tp2.com,pPbTP3e2,Maisonneuve,Abbie,client,1024,Louis-Quilico,Coaticook,QC,CA,H0B 8Q4
throughout981@tp2.com,IYtAcxmQ,Tétreault,Bruce,client,34,Saint-Francis,Saint-Hyacinthe,QC,CA,S6R 9G8
her589@tp2.com,Ssb7w7j2,Chamberland,Matt,client,371,Othello,Beaupré,QC,CA,Y7U 9B7
arrive898@tp2.com,ZbJhYBji,Chaput,Eleanor,client,758,Alfred-Pellan,Victoriaville,QC,CA,W6V 7B5
seem254@tp2.com,6Jfp9hGQ,Beauchemin,Eloi,client,125,Beaudoin,Grande-Rivière,QC,CA,N7Y 7Y9
carry425@tp2.com,XYVF2GTt,Gaudet,Judith,client,87,Cèdres,Thurso,QC,CA,R1N 5H1
blood89@tp2.com,K10JgwHl,Quévillon,Remi,client,575,Régina-Gagnon,Sept-Îles,QC,CA,V6O 8Z9
step890@tp2.com,1nMzZoR1,Maisonneuve,Lenna,client,623,Leckie,Sainte-Brigitte-de-Laval,QC,CA,H7W 4X6
will863@tp2.com,z3PrD5Nt,Dupré,Madyson,client,851,Alcide-Métivier,Lévis,QC,CA,Z4X 5X1
expert722@tp2.com,dGr5l1PR,Chapdelaine,Leonie,client,635,Bernard-Darche,Shannon,QC,CA,T7R 0M5
major645@tp2.com,9F3mB2I0,Robillard,Yusuf,client,721,Boisseau,Saint-Basile,QC,CA,Y4U 1F5
leg877@tp2.com,EhQrRFtz,Desmarais,Esme,client,760,Loiselle,L'Assomption,QC,CA,A9U 6T7
responsibility157@tp2.com,KXaINTNA,Maisonneuve,Maryam,client,617,Ontario,Saint-Lambert,QC,CA,Z3F 6H5
bed906@tp2.com,cNISlKsK,St-Gelais,Alec,client,604,Nelan,L'Épiphanie,QC,CA,L8J 0V5
so803@tp2.com,BEj7rBnc,Daoust,Jayden,client,701,Berthon,Lebel-sur-Quévillon,QC,CA,U7H 6M7
enough327@tp2.com,cYnFdh1G,Tousignant,Yohan,client,795,Descartes,Richelieu,QC,CA,F4T 2K5
seem254@tp2.com,VmNBthjk,Leroux,Emerick,client,841,Crocus,Barkmere,QC,CA,B7A 0L2
south941@tp2.com,aEpcp4NR,Vermette,Charly,client,534,François-V.-Malhiot,Vaudreuil-Dorion,QC,CA,Q1W 9L9
put133@tp2.com,Sxn0GERJ,Gascon,Lina,client,495,Riopelle,Gaspé,QC,CA,O8P 2P4
fear794@tp2.com,6dTzQVlB,Gallant,Liv,client,765,Bergères,Drummondville,QC,CA,M4H 9S9
positive756@tp2.com,FEzzUSDI,Fecteau,Gabrielle,client,22,Guy-Desgroseilliers,Richelieu,QC,CA,V2M 1Y8
world185@tp2.com,PERvCHL1,Marchand,Scarlett,client,58,Andy,Malartic,QC,CA,L4Q 2Y9
wide714@tp2.com,XXUO2V3E,Piché,Emilio,admin,351,Fernand-Flipot,Percé,QC,CA,D6E 2R4
financial889@tp2.com,uIUzeFDh,Dorion,Celia,client,167,Booker,Matagami,QC,CA,F6M 5I4
responsibility157@tp2.com,JClAegiw,Delâge,Mayden,client,288,Madrid,Rosemère,QC,CA,H0I 2D0
conference542@tp2.com,rrzqbOkO,Bourgoin,Ulysse,client,240,Jacques-Racicot,Rouyn-Noranda,QC,CA,K8E 8C2
someone696@tp2.com,SF2AMFJr,Laliberté,Clementine,client,283,Bourgogne,Cookshire-Eaton,QC,CA,V0U 8E9
child610@tp2.com,2khIYnnE,Rondeau,Anabelle,client,377,D'Amours,Baie-Comeau,QC,CA,M6X 3C3
figure480@tp2.com,jBPqTq8w,Williams,Lily,client,741,Martel,Saint-Joseph-de-Sorel,QC,CA,O8M 6J5
American596@tp2.com,KRkczwkw,Corriveau,Zac,client,221,Sancerre,Trois-Rivières,QC,CA,B5D 2R2
return328@tp2.com,Nwsjv6a5,Lavigne,Sasha,client,1009,Rémillard,Saguenay,QC,CA,Q3K 3L5
bed582@tp2.com,3mcNsUIz,Groulx,Noah-james,client,842,Édouard-Charruau,Gatineau,QC,CA,N6S 9P4
firm677@tp2.com,V8BwLVS1,Julien,Elliott,client,885,Noisetiers,Louiseville,QC,CA,E0U 3B4
fill971@tp2.com,Ssb7w7j2,Hélie,Kelly,client,642,Cèdres,Mascouche,QC,CA,W2L 0L5
something183@tp2.com,lnhNH0fu,Soucy,Lennox,client,487,Tancarville,La Prairie,QC,CA,A1T 2S4
society717@tp2.com,68mXCdFV,Maheux,Mylo,client,561,Massena,Bécancour,QC,CA,R8Y 3I4
receive142@tp2.com,9tsqgd5k,Levasseur,Charles-emile,admin,437,Roselières,Hampstead,QC,CA,M1D 7Z4
picture197@tp2.com,KDkp7MkZ,Maltais,Adriana,client,960,Roland-Marcoux,Saint-Rémi,QC,CA,M3N 2K0
kind934@tp2.com,V0Do9l9i,Moisan,Derek,client,134,Marquis,Carleton-sur-Mer,QC,CA,D9L 4G5
young585@tp2.com,KPtptOCV,Hénault,Jakob,client,859,Cabot,Bois-des-Filion,QC,CA,F3Y 3S2
lead936@tp2.com,Mpsii0nD,Desbiens,Timothy,client,980,Bourdon,Joliette,QC,CA,J9B 1F4
watch747@tp2.com,LZFHWPDU,Huard,Tiffany,client,119,Chaboillez,La Prairie,QC,CA,O6R 5O8
president780@tp2.com,Vkpj8gd4,Dostie,Nora,client,700,Noble,Forestville,QC,CA,I4U 3E6
half871@tp2.com,kiTXcb1L,Gauvin,Paul,client,401,Charles-Roy,Chapais,QC,CA,G2P 6A4
read532@tp2.com,aEpcp4NR,Laferrière,Leila,client,203,Michigan,Métis-sur-Mer,QC,CA,R1G 1I2
goal858@tp2.com,TCSga4E9,Cantin,Skyla,client,611,Monseigneur-Paiement,Lévis,QC,CA,S0G 0S1
rest390@tp2.com,N2RLGpIO,Juteau,Yanis,client,491,Écureuils,Lachute,QC,CA,E2K 4E6
leg877@tp2.com,B79SAzp3,Poitras,Elody,client,734,Nicolet,Sutton,QC,CA,O0I 6V3
reveal713@tp2.com,zIJw3ZVs,Lee,Chaim,client,136,Richelieu,Drummondville,QC,CA,E2X 8K0
raise993@tp2.com,O57peHcF,Laverdière,Adele,client,59,Perrier,Lévis,QC,CA,M0E 6Y9
sure584@tp2.com,Mpsii0nD,Collard,Gianna,client,412,Thomas-Dubuc,L'Assomption,QC,CA,N1B 9J0
again518@tp2.com,TzLCJ7SB,Charette,Idris,client,623,Parent,Port-Cartier,QC,CA,X2B 8T5
die701@tp2.com,6UREWvzQ,Robitaille,Lohan,client,555,Henri-Monjeau,Acton Vale,QC,CA,S9J 3S5
collection69@tp2.com,ybcVjikG,Madore,Joseph,client,949,Pierre-Boucher,Saint-Ours,QC,CA,Q2U 7R0
little433@tp2.com,Mh64DiFQ,Boivin,Marco,client,106,Richmond,Shawinigan,QC,CA,C8C 2C2
rock512@tp2.com,pTEfiClj,Lacroix,Emile,client,973,Ernest-Lavigne,Thurso,QC,CA,K6G 7T0
often812@tp2.com,8aXtpk9c,Bellerose,Tom,client,927,Médéole,Mont-Royal,QC,CA,V1T 8Z5
past765@tp2.com,cNISlKsK,Boily,Jaylen,client,759,Jean-Maneau,Gracefield,QC,CA,F2M 8D5
pay988@tp2.com,Ssb7w7j2,Gosselin,Josephine,client,430,Poitou,Huntingdon,QC,CA,B0V 1Z4
system31@tp2.com,dlMwwWTB,Anctil,Juliana,client,412,Shedleur,Louiseville,QC,CA,T2B 9X6
left639@tp2.com,X4jfliT0,Coulombe,Evie,client,53,Jean-Baptiste-Charron,Rivière-Rouge,QC,CA,C9O 8H5
rest882@tp2.com,be8Faz1w,Blanchette,Inaya,client,127,Rembrandt,Cap-Santé,QC,CA,E5K 6O0
move273@tp2.com,fBoDNKPS,Legros,Elyane,client,677,Bachand,Val-des-Sources,QC,CA,L2Q 9B0
foot559@tp2.com,XNx5QBQy,Alexandre,Harper,client,72,Alarie,Lac-Brome,QC,CA,P9C 9L9
three337@tp2.com,vNV5RMap,Galarneau,Simone,client,443,Turenne,Beauceville,QC,CA,G3J 9N4
nearly774@tp2.com,kmE7ME94,Rodrigue,Malak,admin,1006,Ivry,Beauharnois,QC,CA,Q5M 9C6
pick801@tp2.com,utOQNjxK,Legault,Alicia,client,313,Claude-Dauzat,Cowansville,QC,CA,M9E 6G9
of684@tp2.com,xyareJI2,Lamarche,Jeremie,client,651,Écluse,Dolbeau-Mistassini,QC,CA,F3L 4W8
because916@tp2.com,qtgzp3A4,Chalifoux,Maxim,client,748,Pierre-Piché,Lac-Mégantic,QC,CA,Y4E 7O6
death866@tp2.com,bK9vGAAM,Cayer,Ada,client,453,Cabot,Bois-des-Filion,QC,CA,K6T 8T3
reveal713@tp2.com,zIJw3ZVs,Landry,Mason,client,752,Lawrence,Sherbrooke,QC,CA,V6G 7M1
shake389@tp2.com,smM2JmA4,Lamontagne,Ismael,client,418,Le Corbusier,Disraeli,QC,CA,X7Y 8P3
agree303@tp2.com,7miBKOte,Huynh,Ely,client,763,Lincoln,Vaudreuil-Dorion,QC,CA,G9D 8O1
best165@tp2.com,MOjelTWz,Groleau,Donovan,client,727,Bouleaux,Cap-Santé,QC,CA,M2O 6D5
well268@tp2.com,zw40N9xA,Genest,Roseline,client,863,Fernand,Mont-Joli,QC,CA,I0B 3J1
chance555@tp2.com,eD4VT9E9,Gobeil,Rayan,client,36,Alouettes,Saint-Tite,QC,CA,P4X 4P0
billion611@tp2.com,fLMVrFtD,Duchesne,Charlotte,client,224,Soucy,Belleterre,QC,CA,Y8A 2F4
Mrs535@tp2.com,rrzqbOkO,Dupéré,Alfred,admin,324,Rossignol,Paspébiac,QC,CA,R6H 2Q2
minute382@tp2.com,W29VsvLh,Pilote,Loik,client,287,Pervenches,Thurso,QC,CA,Y2Z 4L0
rather586@tp2.com,smM2JmA4,Paré,Noa,admin,730,Lavallée,Sainte-Agathe-des-Monts,QC,CA,T0S 5W1
suddenly591@tp2.com,7kxS7lIK,Gariépy,Charli,client,661,Grou,Nicolet,QC,CA,W0C 9N2
above87@tp2.com,OCUTXYIr,Moreau,Nellie,client,77,Angers,Nicolet,QC,CA,F5R 9E7
prove510@tp2.com,VkdCPku8,Décarie,Asher,client,974,Trottier,Rouyn-Noranda,QC,CA,B3P 8K0
along197@tp2.com,5fI12wdh,Déry,Novalie,client,464,Champlain,Shawinigan,QC,CA,Z8L 8B9
head474@tp2.com,5Gh2aPf2,Frenette,Caleb,client,104,Dupernay,La Sarre,QC,CA,U6K 3K5
piece281@tp2.com,RO9EEziU,Vachon,Benoit,client,685,Allan,Sainte-Anne-des-Monts,QC,CA,X3F 2B5
light822@tp2.com,JLtgrwpg,Petit,Rafaelle,client,1022,Noisetiers,Notre-Dame-de-l'Île-Perrot,QC,CA,E8E 2F2
draw869@tp2.com,YscDOsJl,Garand,Maelya,client,714,Fournier,Sainte-Anne-de-Beaupré,QC,CA,I4S 5G2
enjoy168@tp2.com,G1VpixFx,Laperrière,Levi,client,767,Chanterelles,Baie-Saint-Paul,QC,CA,T1S 4Z6
head474@tp2.com,VuuXsOsS,Auger,Noam,client,882,Marcelle-Ferron,L'Assomption,QC,CA,H5I 6O0
ever755@tp2.com,0Pde1FJO,Favreau,Elisabeth,admin,895,Marquette,Cookshire-Eaton,QC,CA,H0P 2X8
building811@tp2.com,ilMUyI5F,Mongeau,Harry,client,877,Nobel,Saint-Lin–Laurentides,QC,CA,D9U 0R5
draw117@tp2.com,MwgjJhV6,Dulude,Frederic,client,742,Monette,Ville-Marie,QC,CA,Y0H 8A9
memory756@tp2.com,3nfGKhcZ,Juneau,Kai,client,918,Scott,Saguenay,QC,CA,E0R 0P2
team589@tp2.com,VsV3O54b,St-Jean,Norah,client,762,Boisbriand,Belœil,QC,CA,A1X 5E3
left559@tp2.com,n27x7AtK,Boissonneault,Philip,client,782,Pierre-Conefroy,Lachute,QC,CA,E5L 2K0
inside896@tp2.com,3dd9eTcX,Jodoin,Evelyne,client,997,Villeneuve,Drummondville,QC,CA,C0W 1M2
although543@tp2.com,Hu8aqEx1,Martin,Zayn,client,562,Boivin,Gatineau,QC,CA,A7A 2C8
herself530@tp2.com,1nMKCUOh,Rhéault,Aurora,client,54,Pratt,Bois-des-Filion,QC,CA,B5R 3T3
prove711@tp2.com,X4xVvYzP,Corbeil,Lenny,client,795,Escale,Fermont,QC,CA,S3Z 1F9
say541@tp2.com,WaQOHWYU,Chamberland,Mikaela,admin,36,Dumont,L'Île-Dorval,QC,CA,P7R 3X6
TV980@tp2.com,0aHBUQUY,Morel,Morgane,client,785,Truteau,Rimouski,QC,CA,J0B 3Q1
his542@tp2.com,dMaRxPeZ,Deblois,Jordane,client,974,Tamias,Barkmere,QC,CA,O4L 5R0
fall384@tp2.com,R3d0YPSM,Bertrand,Sabrina,client,775,Shedleur,Sainte-Julie,QC,CA,S7V 2C5
sign17@tp2.com,z3PrD5Nt,Roberge,Gisele,client,641,Soissons,Baie-Comeau,QC,CA,E7H 3P3
reality31@tp2.com,BlHP1aB3,Charbonneau,Arya,client,398,Sainte-Marguerite,Montréal,QC,CA,W0V 9U4
remember537@tp2.com,5gmhZynu,Potvin,Tyler,client,419,Alexis,Vaudreuil-Dorion,QC,CA,Q5S 5G1
mother822@tp2.com,aPVZdUJc,St-Denis,Dario,client,204,Sittelles,Trois-Rivières,QC,CA,J3Q 2O5
with267@tp2.com,4XOXlHeE,Thompson,Kael,client,365,Larocque,Boucherville,QC,CA,F6C 4R7
approach120@tp2.com,1OUklKCa,Dulude,Finn,client,270,Bocage,Hampstead,QC,CA,F0X 2E2
lead936@tp2.com,RDhvCQRL,Frigon,Joud,admin,672,Jardin,Vaudreuil-Dorion,QC,CA,G1I 7A1
identify128@tp2.com,potaPzlX,Bacon,Naelle,client,648,Davidson,Sainte-Anne-des-Plaines,QC,CA,G2C 7X2
travel524@tp2.com,gLU8y52K,Mitchell,Esmee,client,462,Valcourt,Saint-Ours,QC,CA,X5F 0G8
leave365@tp2.com,6kC2qwqH,St-Laurent,Jaxon,client,879,Closse,Sept-Îles,QC,CA,S5I 9G9
in359@tp2.com,wQRhIEdA,Carignan,Marion,client,79,Bordeaux,Témiscouata-sur-le-Lac,QC,CA,P9Z 6W6
different315@tp2.com,EUkonZuG,Dufort,Roman,client,798,Riviera,Côte-Saint-Luc,QC,CA,W6M 0C1
owner100@tp2.com,oTtiem4N,Smith,Jayden,client,846,Saintonge,Baie-Comeau,QC,CA,X8X 9O3
put133@tp2.com,Y7JcZlGH,Lahaie,Adrien,client,687,Arbour,Boucherville,QC,CA,B6Y 4S1
travel586@tp2.com,lNUNEiq4,Nolin,Youssef,client,263,Pilon,Thetford Mines,QC,CA,H6B 6Z1
increase253@tp2.com,67Kge3Hp,Meloche,Summer,client,371,Sabatino,Québec,QC,CA,J8D 1C0
travel524@tp2.com,uIUzeFDh,Briand,Rosalie,client,198,Sabatino,L'Île-Cadieux,QC,CA,H5K 1F9
west498@tp2.com,2Cqsxsbv,Young,Inaya,admin,475,Fauvettes,Saint-Rémi,QC,CA,Y1E 0O5
brother217@tp2.com,0TzXN9i7,Duval,Cedric,client,863,Joliette,Trois-Pistoles,QC,CA,Y2T 1C5
every63@tp2.com,2ACqk92T,Déry,Ivy,client,16,Rigaud,Deux-Montagnes,QC,CA,E0F 2U6
clearly885@tp2.com,sKBHhWH0,Mailloux,Sara,client,936,Hurtubyse,Sainte-Marthe-sur-le-Lac,QC,CA,A0F 7W7
begin83@tp2.com,I94Kqzff,Gaudet,Myles,client,479,De La Barre,Saint-Joseph-de-Beauce,QC,CA,M4R 8V6
good237@tp2.com,R3d0YPSM,Fafard,Malyk,client,604,Marquise,Notre-Dame-des-Prairies,QC,CA,Y4Z 8A1
three337@tp2.com,dAGetYFb,Joseph,Cleo,client,318,Beauharnois,Sainte-Marie,QC,CA,T8I 0J9
finally642@tp2.com,jmzXh7B0,Cantin,Jerome,client,219,Allard,Lorraine,QC,CA,Y4F 8H7
move760@tp2.com,xRGSIkmk,Corbeil,Remi,client,188,Jacques-Ménard,Rivière-Rouge,QC,CA,N1R 1B9
die701@tp2.com,vNV5RMap,Lapointe,Novalie,client,656,Emma-Lajeunesse,Saint-Jérôme,QC,CA,T7T 3M5
explain871@tp2.com,k9uIjdFW,Brouillette,Emilia,client,445,Alpes,Montréal,QC,CA,X8G 0N6
every225@tp2.com,zIJw3ZVs,Garceau,Beatrice,client,870,Joncas,La Pocatière,QC,CA,B3F 9U8
fund133@tp2.com,yQgsqJOz,Lam,Karim,client,836,Graham-Bell,Dollard-Des Ormeaux,QC,CA,E9K 4L1
firm677@tp2.com,eAG1bDT9,Toussaint,Diego,client,552,Auger,Schefferville,QC,CA,H3O 4Z6
news39@tp2.com,bI39QSTw,Lespérance,Nadine,client,71,Authier,Terrebonne,QC,CA,E6Y 7J4
different894@tp2.com,ohiws1hs,Roy,Louka,admin,547,Pease,Varennes,QC,CA,M2C 9V4
seven577@tp2.com,uYr1DaU4,Thibault,Lyam,client,181,Hirondelles,Mont-Joli,QC,CA,K6G 9A6
hour94@tp2.com,Dtji2nPR,Lafrenière,Elias,client,332,Cadillac,Granby,QC,CA,H1I 3H8
kitchen320@tp2.com,N2RLGpIO,Deshaies,Selena,client,988,Tamaris,Carleton-sur-Mer,QC,CA,U2S 8U0
couple990@tp2.com,bK9vGAAM,Marcotte,Andrew,client,904,Benoit,Sainte-Thérèse,QC,CA,E4V 1D0
city447@tp2.com,c4Ly5GPG,Berger,Arielle,client,609,Pierre-Boucher,Saint-Georges,QC,CA,L0O 3V4
raise993@tp2.com,qAccThNK,Cadieux,Charlotte,client,41,Aubin,Bécancour,QC,CA,N3E 5S2
poor7@tp2.com,rAxHs0A3,Proulx,Ally,client,247,Beaumont,Côte-Saint-Luc,QC,CA,C9A 7W5
relate328@tp2.com,BsXvWf9M,Moore,Livia,client,110,Edgar,Waterville,QC,CA,P7U 2U6
goal858@tp2.com,HIAuOHCy,Lemoine,Amaya,client,9,Devlin,Montmagny,QC,CA,I6A 3W1
chair811@tp2.com,6r7wzW8j,Turcotte,Emmett,client,92,De La Saudrays,Prévost,QC,CA,B5G 2K3
late329@tp2.com,PN8Pr6GK,Laramée,Martin,client,582,Fontainebleau,Saint-Bruno-de-Montarville,QC,CA,E6K 0J4
of684@tp2.com,XUprVeTA,Déry,Donovan,client,31,Charles-Goulet,Mont-Royal,QC,CA,M7W 2N1
anyone434@tp2.com,22NG2cQw,Héroux,Morgane,client,150,Newton,Valcourt,QC,CA,R0R 9R4
trip815@tp2.com,xXL5SJ6b,Alexandre,Declan,client,636,Grou,Cookshire-Eaton,QC,CA,Q1X 5E2
say541@tp2.com,vNV5RMap,Richer,Ollie,client,535,Fauvettes,East Angus,QC,CA,O3Z 9B5
parent46@tp2.com,MOuOITCE,Vallières,Sarah,client,890,Gélineau,Baie-Saint-Paul,QC,CA,T4Q 7S2
nearly774@tp2.com,X07XNTTg,Dagenais,Tiffany,client,342,Jonergin,Richelieu,QC,CA,N3Q 6C0
yourself638@tp2.com,FEzzUSDI,Arcand,Elliot,client,973,Éléments,La Tuque,QC,CA,S8X 7R1
begin83@tp2.com,7aunaXYC,Chouinard,Melody,client,260,Bétournay,Mascouche,QC,CA,M1E 4P2
eye342@tp2.com,jrIym6te,Giroux,Molly,client,1019,Acadie,Matane,QC,CA,M5P 6Q9
identify128@tp2.com,KXaINTNA,Sigouin,Willyam,client,437,Lys,Farnham,QC,CA,A7U 0W8
morning362@tp2.com,uJR2Jjkl,Bureau,Harry,client,954,Pivoines,Sherbrooke,QC,CA,M6T 5X3
road44@tp2.com,muwtUBES,Baribeau,Romain,client,156,Saules,Alma,QC,CA,N9C 2E4
less574@tp2.com,be8Faz1w,Giasson,Xavier,client,246,Labonté,Vaudreuil-Dorion,QC,CA,U8Y 9U9
peace393@tp2.com,qZwd8ET8,Normandeau,Evie,client,521,Tahiti,Princeville,QC,CA,Y6X 4L9
wait921@tp2.com,lNUNEiq4,Marquis,Eve,client,590,Noisetiers,Duparquet,QC,CA,M2F 0C3
hand292@tp2.com,UGKOfisS,Grondin,Ayaan,client,275,Armand-Frappier,Huntingdon,QC,CA,K2L 1U8
security919@tp2.com,X07XNTTg,Desroches,Eugenie,client,169,Legardeur,Sainte-Anne-de-Bellevue,QC,CA,L3Q 1M5
sexual312@tp2.com,VY2wGYnO,Clarke,Maeve,client,978,Languedoc,Varennes,QC,CA,X7L 1S1
century856@tp2.com,lwHo2y2U,Bédard,Alyson,client,924,Caribou,Disraeli,QC,CA,T9I 3Z3
picture197@tp2.com,J9aFDiQj,Young,Marine,admin,75,Saint-Pierre,Richmond,QC,CA,S0Z 3W4
throughout981@tp2.com,F3N0zS2X,Roberts,Floralie,client,840,Claude-Dauzat,Saint-Lin–Laurentides,QC,CA,W7J 6S0
course277@tp2.com,0m7ilXLT,Létourneau,Ely,client,479,Templeton,Bromont,QC,CA,R9V 5A0
financial806@tp2.com,ZOXfoVML,Émond,Kenza,client,735,Loire,Saint-Pascal,QC,CA,P2T 0D2
evening723@tp2.com,SQ6FeOOz,Quenneville,Landon,client,904,Hélène-Boullé,Mont-Royal,QC,CA,R9F 8U4
low3@tp2.com,6OqiR5S0,Beaumier,Alix,client,976,De Jumonville,Berthierville,QC,CA,T4D 7R2
role453@tp2.com,IgUG8Y74,Lamarre,Zahra,client,571,Sous-Bois,L'Ancienne-Lorette,QC,CA,Q3H 2E3
recent349@tp2.com,SR9GM1ag,Lalande,Louanne,client,934,Michaud,Mont-Saint-Hilaire,QC,CA,B3M 8E2
black805@tp2.com,cMKx1JiT,Matte,Maverick,client,412,Docteur-Chevrier,Saint-Charles-Borromée,QC,CA,Y2D 5J8
listen948@tp2.com,p5fZvEM2,Payette,Billie,client,564,Louis-H.-Latour,Baie-Comeau,QC,CA,C1N 8J3
government193@tp2.com,o9Ppm1Kd,Boileau,Jeremy,client,406,Cadillac,Lac-Sergent,QC,CA,X6K 5P7
someone696@tp2.com,rrzqbOkO,Champoux,Chloe,client,27,Vaudreuil,Roberval,QC,CA,Q7W 1Y3
blood417@tp2.com,uRiuzduZ,Perras,Edmond,client,1010,Montmartre,Grande-Rivière,QC,CA,P2I 4L5
paper234@tp2.com,ytBHZ0VC,Lamarche,Aylan,client,136,Orcades,Longueuil,QC,CA,R0O 5Y0
often658@tp2.com,Xq1Cm8vj,Kaur,Ayden,client,317,Froment,Mont-Laurier,QC,CA,V7K 2N2
wonder590@tp2.com,EhQrRFtz,Jean,Joey,client,466,Muguet,Causapscal,QC,CA,O9Q 3X7
head685@tp2.com,V8HWA6DB,Clarke,Nathanael,client,345,Lucien-Milette,Saguenay,QC,CA,Q8E 9R1
none218@tp2.com,2LUAX02E,Létourneau,Robin,client,347,Louis-Blériot,Barkmere,QC,CA,R6R 6L5
little509@tp2.com,kz51dotg,Dubuc,Billie,client,438,Falaise,Notre-Dame-des-Prairies,QC,CA,Z4N 1T7
lot401@tp2.com,FoVBKIER,Séguin,Samael,client,1009,Moulin,Percé,QC,CA,S3Q 1C0
bit313@tp2.com,31UE3r27,Montminy,Kelly-ann,client,584,Savoyards,Farnham,QC,CA,R6P 2T0
job374@tp2.com,Sx19748u,Dulude,Alizee,client,101,Agincourt,Maniwaki,QC,CA,S2G 1Q1
dog981@tp2.com,Xl4KzbsL,Jutras,Margaux,client,817,De La Brisardière,Prévost,QC,CA,C9S 8A8
course277@tp2.com,BPHAS1UA,Langelier,Maelya,client,711,Pierre-Martin,Sainte-Anne-des-Plaines,QC,CA,S3K 0R7
hear816@tp2.com,MYzADhiS,Ratté,Aminata,client,941,Bachand,Belleterre,QC,CA,D5N 8C8
memory458@tp2.com,9sEbmoh7,Boucher,Logan,client,677,Matte,Notre-Dame-des-Prairies,QC,CA,T9V 9Q7
while463@tp2.com,su7SRq4i,Simoneau,Diana,client,57,René-Rémy,Mascouche,QC,CA,X9Y 7J3
fact217@tp2.com,UgxVmsWh,Kelly,Jakob,client,72,De Jumonville,Valcourt,QC,CA,Z2I 1K1
either116@tp2.com,HQjC6G1O,Grenier,Hector,client,607,Liseron,Pincourt,QC,CA,L1C 6K1
along197@tp2.com,l2Di5qUa,Albert,Alix,client,103,Aline,Hampstead,QC,CA,K9J 4Q2
subject522@tp2.com,YUlPSlul,Richard,Cassandra,client,845,Lima,Saint-Philippe,QC,CA,I5B 0C9
her662@tp2.com,KO2qBE51,Marin,Sara,client,167,Dupuis,Joliette,QC,CA,V4N 3V8
fill971@tp2.com,1SrjsgkT,Gemme,Auguste,client,862,Brébeuf,Thurso,QC,CA,Z3E 3R8
because916@tp2.com,XVdRMjUZ,McDuff,London,client,707,Saint-Alexandre,La Prairie,QC,CA,D3C 0A9
become970@tp2.com,QM2Vq7Cg,Rancourt,Jessy,client,507,Hyacinthe-Hudon,Bécancour,QC,CA,P7R 5C8
than934@tp2.com,5E0bxVvt,Charette,Allie,admin,731,Mouettes,Lévis,QC,CA,N7N 5L2
read532@tp2.com,uSrnmLvg,Théorêt,Avery,client,22,Raymond,Hudson,QC,CA,D2K 5A9
bit313@tp2.com,rDV9RRau,Couturier,Noe,client,219,Marc-Aurèle-Fortin,Saint-Raymond,QC,CA,K6A 9R9
she975@tp2.com,5NhXhL4y,Dubé,Derek,client,264,Montligeon,Sainte-Adèle,QC,CA,N9N 0Z1
talk638@tp2.com,k9uIjdFW,Cloutier,Madison,client,668,Saint-Roch,Victoriaville,QC,CA,Y0F 0U8
mother977@tp2.com,e24kHuiH,Breton,Danae,client,550,Hooper,Boisbriand,QC,CA,D3N 1G8
pass542@tp2.com,VlJm8bEc,Bourque,Alia,client,234,Louis-Fornel,Lac-Brome,QC,CA,K1Y 4M5
TV980@tp2.com,gihiMyDv,Morel,Elya,client,587,Mathurin-Durant,Marieville,QC,CA,W8R 5Q7
parent46@tp2.com,1Itvv3i5,Caron,Victoria,client,771,Nelson,La Pocatière,QC,CA,R9Z 9Y4
eye789@tp2.com,Ow6zkN7V,Valcourt,Lydia,client,769,Evergreen,Sutton,QC,CA,E2B 9Q0
consumer36@tp2.com,zb7QoIuK,Deblois,Lilianne,client,122,Gascogne,Pohénégamook,QC,CA,V8G 1K9
less574@tp2.com,Ow6zkN7V,Godin,Moshe,client,695,Robert,Lorraine,QC,CA,F0S 7N9
miss785@tp2.com,Sxn0GERJ,Rose,Nelson,client,459,Berger,Blainville,QC,CA,P8B 6Y2
of684@tp2.com,mWLZYt2s,Durocher,Anna-rose,client,764,Graham-Bell,Richelieu,QC,CA,K1D 6G8
arrive898@tp2.com,5E4ySL07,Fréchette,Ari,client,1024,Jensens,Lorraine,QC,CA,T7R 8U0
approach120@tp2.com,xzNACKLq,Prévost,Alya,client,91,Pierre-Davignon,Dunham,QC,CA,R2C 2Z2
event682@tp2.com,oTtiem4N,Poissant,Ludovik,client,455,Percé,Saint-Joseph-de-Sorel,QC,CA,W7H 5Z6
father890@tp2.com,kXWabcaX,Massé,Mahee,client,361,Gaboury,Saint-Bruno-de-Montarville,QC,CA,H1U 5M5
cell268@tp2.com,aQiRbebe,Harnois,Abbie,client,246,Coderre,Coteau-du-Lac,QC,CA,H1C 2S1
language987@tp2.com,8R6iS7kv,Boileau,Khadija,client,803,Bellevue,Saint-Félicien,QC,CA,I3K 0D2
identify128@tp2.com,RdKytU9W,Gendron,Octavia,client,400,Châtaigniers,Saint-Hyacinthe,QC,CA,I4Q 6T8
likely473@tp2.com,VYJqbB6Y,Cantin,Yasmine,client,544,Radisson,Scotstown,QC,CA,V4J 7Q2
citizen268@tp2.com,QM2Vq7Cg,Lafontaine,Zahra,client,196,Bourgogne,Terrebonne,QC,CA,A8T 7U0
past383@tp2.com,eD4VT9E9,Isabelle,Colton,client,387,Corbeaux,Saint-Jean-sur-Richelieu,QC,CA,X9C 5B5
marriage677@tp2.com,3JGxoNBV,Walker,Ahmed,client,409,Spirées,Trois-Rivières,QC,CA,K4E 4Q3
this453@tp2.com,SgHPgCLi,Rancourt,Yohan,client,407,Graham-Bell,Sainte-Anne-de-Bellevue,QC,CA,I9A 4W6
travel524@tp2.com,xzNACKLq,Ferron,Lucia,client,750,Longford,East Angus,QC,CA,A4E 3U8
send10@tp2.com,Xl0KHEjM,Jobin,Joakim,client,713,Pervenches,Sainte-Adèle,QC,CA,L9W 3C6
technology929@tp2.com,fHJQghEr,Charbonneau,Willyam,client,510,York,Clermont,QC,CA,N8P 0G0
physical819@tp2.com,k8wtKfPV,Roch,Estelle,client,861,Galinée,Lac-Mégantic,QC,CA,R4H 6P9
blue134@tp2.com,hDstNkvx,Deschênes,Evelyn,client,691,Vikings,Sainte-Brigitte-de-Laval,QC,CA,B2A 5P1
despite521@tp2.com,6xICd1oK,Pellerin,Maya,client,201,Jules-Moulin,Louiseville,QC,CA,K6U 2O5
surface962@tp2.com,Zx6P3lYt,Dupré,Samael,client,462,Auteuil,Neuville,QC,CA,K3F 5E8
become271@tp2.com,gTJR5xhY,Quévillon,Samuel,client,393,Fréchette,Lac-Sergent,QC,CA,B9I 5L6
Democrat62@tp2.com,QlzTMBtR,Meunier,Jawad,client,1001,Lucien-Milette,Belleterre,QC,CA,F4X 5W6
fine467@tp2.com,4DgSfyVE,Renaud,Stella,client,686,Green,Chibougamau,QC,CA,Z3D 3Z4
fine745@tp2.com,9ZnxBt8m,Veillette,Violet,client,664,Samuel-Provost,Terrebonne,QC,CA,P8O 5L6
eight750@tp2.com,Rn9geZeD,Poudrier,Nicolas,client,618,Baffin,Sainte-Anne-de-Bellevue,QC,CA,M9C 2L4
large746@tp2.com,G1VpixFx,Desnoyers,Magalie,client,78,Moreau,Gracefield,QC,CA,K8H 1H9
collection69@tp2.com,5Az1WwZi,Briand,Emy-jade,client,497,Parent,Varennes,QC,CA,C9I 1F0
camera722@tp2.com,ZC5HiB4Y,Surprenant,Elisa,client,766,Hillcrest,Richelieu,QC,CA,O2V 1B2
gun826@tp2.com,b7VgrgJR,Gignac,Antonella,client,784,Chardonneret,Témiscouata-sur-le-Lac,QC,CA,A9N 8U0
return295@tp2.com,RO9EEziU,Gascon,Aminata,client,377,Brault,Waterville,QC,CA,E4P 5J3
surface962@tp2.com,y7d7XlIO,Dufour,Dalia,client,350,Avalon,Sutton,QC,CA,Y9G 1G2
could834@tp2.com,fBoDNKPS,Francoeur,Zak,client,758,McGill,Bromont,QC,CA,B2F 2H6
visit792@tp2.com,D42CU6Mr,Labrecque,Isabelle,client,884,Berthier,Saint-Joseph-de-Beauce,QC,CA,B2P 0Y9
carry299@tp2.com,KpIB0PMK,Routhier,Mark,client,388,Cicot,Prévost,QC,CA,R9N 0J0
child610@tp2.com,ohiws1hs,Ricard,Eliana,client,68,Pasteur,Pont-Rouge,QC,CA,H1I 7Y1
miss674@tp2.com,U6hoRs6O,Guérette,Gemma,client,4,Pierre-Viger,Montréal-Ouest,QC,CA,L3W 4F7
cost40@tp2.com,0Pde1FJO,Doiron,Ezra,client,151,Gustave-Lanctôt,Contrecœur,QC,CA,Z8Z 5X1
hear816@tp2.com,HKq5hIB3,Bourdon,Agnes,client,433,Kingston,L'Île-Perrot,QC,CA,A8N 5T4
none218@tp2.com,Da74Peat,Beauséjour,Anastasia,client,382,Ampère,Lac-Saint-Joseph,QC,CA,K0D 7T0
travel524@tp2.com,nRFE3t47,Richard,Cooper,client,425,Bélair,Sainte-Brigitte-de-Laval,QC,CA,V0P 5E4
see219@tp2.com,KPtptOCV,Goudreau,Samael,client,153,Mûriers,Saint-Honoré,QC,CA,W4M 8F2
south941@tp2.com,CJhfeRoj,Dunn,Felix-antoine,client,692,Pleurotes,Kingsey Falls,QC,CA,L9T 6R0
table887@tp2.com,5Gh2aPf2,Morneau,Emiliano,client,532,De Sorel,Saint-Rémi,QC,CA,V6I 8U6
often658@tp2.com,3QKspvmC,Bujold,Aris,client,923,Tourville,Mercier,QC,CA,U0A 0S8
begin215@tp2.com,qjYN4syv,Miron,Jasmin,client,166,Rembrandt,Belleterre,QC,CA,C1O 1F0
eye342@tp2.com,BlHP1aB3,Bussières,Evalie,client,915,Denaut,Stanstead,QC,CA,R0S 6R5
